Code,Name,Last,Change %,Turnover,Market Cap
603990,MEDITECH,49.84,3.00%,1,835.95,560,474.60
603991,Original,23.18,4.74%,1,778.04,172,772.13
603992,松霖科技,14.92,0.81%,1,627.64,598,306.71
603993,CMOC,3.48,3.88%,22,081.99,7,516,535.72
603995,YONGJIN INC.,21.41,1.66%,2,129.88,493,864.47
603996,CHUNGHSIN TECHNOLOGY,0.00,0.00%,0.00,0.00
603997,-,7.57,1.75%,4,931.69,774,867.41
603998, Fangsheng Pharmaceutical Co., Ltd.,6.49,1.09%,626.51,281,565.22
603999,DZCM,5.59,2.38%,1,437.57,321,984.00
603990,MEDITECH,49.84,3.00%,1,835.95,560,474.60
603991,Original,23.18,4.74%,1,778.04,172,772.13
603992,松霖科技,14.92,0.81%,1,627.64,598,306.71
603993,CMOC,3.48,3.88%,22,081.99,7,516,535.72
603995,YONGJIN INC.,21.41,1.66%,2,129.88,493,864.47
603996,CHUNGHSIN TECHNOLOGY,0.00,0.00%,0.00,0.00
603997,-,7.57,1.75%,4,931.69,774,867.41
603998, Fangsheng Pharmaceutical Co., Ltd.,6.49,1.09%,626.51,281,565.22
603999,DZCM,5.59,2.38%,1,437.57,321,984.00
600673,GDHEC CO.,LTD,6.73,1.66%,4,843.20,2,028,352.86
600674,SCTE,9.02,1.69%,4,045.48,3,970,730.71
600675,CECL.,4.23,0.71%,1,365.60,2,578,665.21
600676,SJY.,3.95,0.77%,1,164.07,406,254.71
600677,AEROCOM,0.00,0.00%,0.00,0.00
600678,SCGS,6.50,1.25%,3,143.68,226,843.50
600679,SPEG,10.30,1.18%,420.77,414,264.92
600681,BESTSUN RNREGY ,5.42,1.31%,670.56,781,965.25
600682,NJXB,8.12,0.12%,4,551.10,1,093,059.36
600683,MTL,4.10,1.49%,4,601.15,303,718.81
600684,GZPR,3.07,-0.97%,1,316.66,262,012.44
600685,COMEC,14.93,10.02%,34,774.78,2,110,365.02
600686,KLM,5.80,1.93%,730.49,415,887.50
600687,GTKG,0.98,5.38%,1,513.88,145,894.10
600688,SPC,4.00,1.27%,3,837.71,4,329,525.40
600689,SMEG,7.88,0.13%,1,827.87,158,381.18
600690,Haier Smart Home,15.45,-1.78%,59,486.24,10,165,430.44
600691,YMCC,1.95,0.52%,926.48,463,316.48
600692,YT,6.21,2.14%,2,984.00,218,445.48
600693,FJDB,4.71,0.43%,478.12,423,065.93
600694,DS,22.19,-0.22%,3,485.42,651,761.69
600695,GIG,7.24,2.84%,7,483.37,514,859.64
600696,-,12.82,1.34%,496.89,428,789.81
600697,CCEG,14.39,0.35%,1,958.89,228,927.74
600698,HNTY,2.41,0.84%,1,425.96,256,522.82
600096,YYTH,4.78,1.06%,3,426.44,683,910.90
600097,kcgj,9.22,1.21%,553.26,222,143.51
600098,GDG,5.84,0.17%,1,094.22,1,592,098.79
600099,LH,5.87,1.21%,530.97,128,623.44
600100,THTF,7.27,1.25%,11,564.88,2,154,754.54
600101,MXEP,5.98,1.18%,702.36,252,016.74
600103,qszy,1.92,1.05%,996.69,442,717.02
600104,SAIC Motor,18.80,3.92%,40,519.96,21,964,907.37
600105,ETERN,4.12,0.73%,7,237.14,513,149.69
600106,cqrb,2.82,1.08%,1,213.33,340,713.70
600107,mailyard,9.61,-10.02%,2,067.01,345,960.00
600108, YASHENG GROUP,3.39,0.30%,8,460.06,660,004.23
600109,SINOLINK SECURITIES,9.72,2.64%,45,691.95,2,939,677.25
600110,NUODE,4.60,4.07%,7,810.80,529,143.56
600111,CNRE,8.95,3.59%,17,018.42,3,251,594.07
600112,TCKG,1.39,1.46%,775.10,70,779.47
600113,ZJDR,6.25,1.63%,1,409.27,257,144.48
600114,NBTM,9.33,10.02%,27,756.24,575,152.06
600115,CEA,4.32,3.85%,26,298.04,7,075,947.98
600116,TGWC,8.22,1.48%,2,398.16,816,250.52
600117,XSS,2.98,-0.67%,1,305.88,311,445.24
600118,China Spacesat,32.95,3.75%,45,786.56,3,896,301.70
600119,Y.I.C.,5.33,1.14%,342.26,163,844.20
600120,ZJOFHC,9.51,0.63%,8,928.40,1,513,408.40
600121,ZCE,1.85,1.65%,688.43,225,406.23
600122,Hiteker,1.29,-5.15%,224.24,149,415.33
600123,Shanxi lanhua,4.86,1.46%,1,969.10,555,206.40
600125,CRT,5.18,0.78%,6,273.55,676,260.33
600126,HZIS,7.70,4.76%,20,213.82,2,600,435.59
600127, JINJIAN CEREALS INDUSTRY ,10.18,-1.74%,76,341.64,653,335.32
600128,JIANGSU HOLLY,6.61,4.26%,1,998.42,163,113.32
600129,TAIJI GROUP,12.40,0.81%,2,076.50,690,544.52
600130,BIRD ,3.60,2.27%,2,188.18,276,480.00
600131,-,19.64,6.10%,10,991.11,2,174,828.04
600132,CBC,54.51,1.98%,8,355.99,2,638,127.00
600133,ELHT,6.47,4.35%,21,774.45,487,710.21
600135,LUCKY FILM CO.,LTD,6.60,1.38%,1,507.91,365,182.69
600136,DDMC,8.34,1.34%,4,012.76,487,571.93
600137,langshagufen,14.04,2.26%,255.30,136,493.49
600138,CYTS,10.45,3.57%,24,879.65,756,412.80
600139,Western Resources,2.72,1.49%,1,374.25,180,034.22
600141,Xingfa group,8.92,2.29%,4,701.53,920,002.26
600143,KINGFA,9.89,-0.30%,42,860.76,2,545,312.50
600145,Yilu Wanyuan,0.00,0.00%,0.00,0.00
600146,SYHQ,7.18,-10.03%,3,369.79,337,438.46
600148,CCYD,13.19,2.33%,3,627.39,186,660.20
600149,LFD,5.14,-2.84%,2,126.55,195,402.24
600150,CSSC Holdings,18.75,2.57%,13,852.98,7,916,228.14
600151,HT-SAAE,4.36,1.40%,2,652.80,625,334.00
600152,VEKEN TECHNOLOGY,5.69,2.34%,1,278.61,239,503.53
600153,C&amp;D INC.,8.27,1.10%,10,300.39,2,344,710.84
600155,-,11.28,2.36%,9,107.98,1,962,219.90
600156,HNHS,4.08,1.75%,573.19,164,061.17
600157,WTECL,1.26,3.28%,8,058.73,1,565,650.21
600158,CSI,8.61,2.01%,4,960.82,726,456.16
600159,D.L.real estate,2.49,0.40%,762.80,206,670.80
600160,ZJJH,6.38,3.07%,8,082.86,1,751,415.97
600161,BTBP,34.08,-1.36%,20,048.79,3,562,610.08
600162,HKHC,1.92,1.59%,683.10,651,990.03
600163,ZMNY,3.24,2.86%,887.30,547,334.17
600165,nswrc,4.18,0.00%,1,376.28,286,281.42
600166,FOTON,1.81,1.12%,4,695.10,1,190,109.76
600167,-,15.29,7.15%,6,756.03,3,498,534.68
600168,WHKG,8.45,8.06%,20,433.28,599,586.39
600169,TYHI,1.95,0.52%,1,103.11,499,971.22
600170,SCG,3.27,-0.61%,7,651.06,2,911,738.06
600171,BELLING,16.42,4.39%,19,142.35,1,156,519.08
600172,HHWW,3.22,-2.13%,19,022.57,464,383.40
600173,WOLONG REAL ESTATE,4.62,0.43%,609.38,323,916.63
600175,MeiDu Energy,0.00,0.00%,0.00,0.00
600176,CJS,8.64,3.97%,19,709.20,3,025,993.12
600177,Youngor,6.58,0.46%,8,519.01,3,299,229.30
600178,DAAE,4.34,3.09%,1,758.49,200,542.72
600179,Antong Holdings,0.00,0.00%,0.00,0.00
600180,CCS,5.77,3.22%,831.81,586,507.50
600182,GITI TIRE CORP,12.91,1.73%,912.40,438,940.00
600183,Sytech,32.09,3.68%,60,063.12,7,304,298.01
600184,NORTHEO,9.24,1.76%,1,732.67,470,095.00
600185,GREE REAL ESTATE,4.95,0.20%,2,254.88,1,020,240.26
600186,LHG,2.85,0.35%,1,764.15,393,278.33
600187,ICW,2.21,1.38%,861.23,365,519.66
600188,YANZHOUCOAL,8.29,1.72%,6,807.02,4,072,061.26
600189,JLSG,3.16,-0.63%,704.32,226,532.46
600190,JZP,2.91,1.04%,611.96,582,666.83
600191,HZSY,6.58,0.30%,9,932.82,319,085.26
600192,GWE,4.70,1.51%,1,694.25,207,621.56
600193,PROREAL RESOURCES,3.75,3.59%,877.60,159,514.88
600195,CAHIC,14.22,7.97%,38,467.37,1,197,904.18
600196,Fosun Pharma,33.48,-1.53%,162,651.97,8,580,584.33
600197,YLT,12.78,1.43%,3,656.95,555,088.36
600198,DATANG TELECOM,8.92,3.00%,5,408.98,786,840.76
600199,AGSW,5.00,0.81%,895.15,328,898.41
600200,jswz,6.46,1.41%,3,494.36,460,203.19
600201,JINYU,24.16,1.17%,21,603.67,2,720,996.42
600202,HAC,4.18,1.95%,460.80,160,236.40
600203,FFEC,8.86,4.36%,10,556.24,404,412.15
600206,GRIAM,12.46,2.89%,31,704.54,1,054,889.68
600207,ACHT,4.10,0.99%,1,309.71,353,811.95
600208,XINHU ZHONGBAO,3.11,0.97%,10,654.00,2,674,395.84
600209,LAWTON DEVELOPMENT,3.56,2.89%,760.88,156,287.98
600210,ZJQY,4.34,2.36%,6,866.41,658,263.49
600211,TIBET PHARMA,27.75,-0.32%,12,812.52,688,027.51
600212,JQSY,2.77,4.92%,1,729.21,141,740.13
600213,YABC,7.07,1.43%,1,045.50,155,540.00
600215,ccjk,0.00,0.00%,0.00,0.00
600216,ZMC,17.88,-0.11%,25,907.82,1,725,648.86
600217,CRE,5.82,1.93%,9,183.70,808,199.99
600218,QCEC,9.40,1.51%,10,030.10,346,629.70
600219,NANSHAN ALUMINIUM,2.09,0.97%,4,488.23,2,497,650.64
600220,JSSS,2.16,0.93%,602.85,385,201.51
600221,HNA,1.46,4.29%,10,181.81,2,453,693.57
600222,TALOPH,5.75,-0.86%,8,739.06,329,984.61
600223,Lushangproperty,7.11,1.72%,7,699.32,711,688.25
600225,TJ SONGJIANG,2.22,-4.31%,3,503.14,207,679.36
600226, Huge Leaf ,0.00,0.00%,0.00,0.00
600227,-,3.07,0.99%,1,219.47,519,792.20
600228,CJBI,11.55,-5.02%,2,484.76,278,724.60
600229,QCMC,7.00,4.48%,2,943.62,491,467.21
600230,CZDH,7.62,1.46%,1,058.27,313,839.99
600231,LING STEEL,2.16,0.93%,542.00,598,553.87
600232,GETM,6.02,0.84%,784.77,219,560.56
600233,YTO Express,12.87,0.94%,12,056.45,4,072,655.63
600234,GLCC,9.52,0.53%,185.96,192,728.48
600235,MFSP,4.76,2.81%,4,498.26,167,218.80
600236,GGEP,4.31,0.70%,434.46,3,397,304.83
600237,TFE,3.68,3.95%,5,034.55,207,688.00
600238,HAINAN YEDAO,4.32,0.93%,141.34,193,622.40
600239,YMRD,2.84,-3.73%,8,038.86,456,015.08
600241,SDWH,3.07,2.68%,879.47,90,350.75
600242,ZHONGCHANG MARINE,6.47,2.21%,4,331.81,295,462.33
600243,QHHD,2.45,2.08%,423.49,107,518.25
600246,Vantone Real Estate,7.70,-2.28%,8,456.87,1,581,587.16
600247,CHENGCHENGGROUP,2.22,0.45%,679.30,74,690.04
600248,ychj,3.89,-0.77%,2,157.84,357,083.59
600249,LMZ,4.15,-1.66%,1,626.58,228,250.00
600250,NANTEX,5.24,2.34%,913.57,162,751.19
600251,GUANNONG SHARE,6.10,-1.29%,5,262.76,478,753.62
600252,Zhongheng Group,3.37,1.81%,3,828.72,1,171,111.11
600255,-,0.00,0.00%,0.00,0.00
600256,GUANGHUI ENERGY,2.50,2.04%,3,658.89,1,698,397.74
600257,DHGF,3.57,2.29%,1,490.97,171,801.68
600258,BTG HOTELS,16.36,10.02%,46,265.98,1,615,914.77
600259,RNM,28.29,2.20%,5,858.18,853,798.68
600260,KAILE TECH,14.80,4.82%,75,033.14,1,481,058.24
600261,ZHEJIANG YANKON,3.57,2.00%,1,078.83,518,400.75
600262,NHL,15.40,1.58%,508.50,261,800.00
600265,YJFC,20.40,-0.20%,211.08,264,792.00
600266,BUCID,6.58,-3.09%,12,672.96,1,237,334.78
600267,HISUN,14.23,-4.62%,70,156.28,1,373,951.81
600268,SAC,10.16,2.32%,49,026.33,706,389.43
600269, Ganyue Expressway ,3.60,-1.10%,2,808.48,840,746.53
600271,Aisino Corporation,16.98,-2.36%,39,176.34,3,162,574.39
600272,SHKK,7.31,0.83%,771.50,177,633.00
600273,JHEC,8.74,1.98%,7,140.03,1,252,206.49
600275,wcy,2.14,2.39%,403.26,108,891.17
600276,HR,93.43,0.04%,116,459.76,41,317,473.70
600277,Elion,3.68,1.66%,2,521.04,1,007,929.97
600278,OIE,8.78,2.21%,1,059.94,458,528.25
600279,CQGJ,3.60,1.12%,468.76,427,271.86
600280,ZYSC,0.00,0.00%,0.00,0.00
600281,TCICL,3.70,0.54%,529.52,190,328.75
600282,Nisco,3.19,0.63%,8,519.30,1,414,765.75
600283,QJSL,9.83,0.72%,2,176.01,346,994.83
600284,PD CONSTRUCTION,6.47,-4.85%,10,998.61,627,755.63
600285,Lingrui Pharma,8.47,-1.05%,5,536.05,480,934.22
600287,JIANGSU SAINTY,5.43,1.12%,1,234.66,237,180.27
600288,DHKJ,10.89,3.42%,2,517.62,475,675.20
600289,Boco,3.79,-4.29%,2,396.78,239,168.73
600290,HUAYI ELEC,1.37,0.74%,1,360.27,104,106.78
600291,XSSYIM,7.57,10.03%,25,614.49,827,449.73
600292,SPICYD,4.85,2.54%,776.97,378,696.19
600293,HBSXNBM,2.53,2.43%,1,403.04,293,516.70
600295,Erdos,7.52,1.35%,1,905.72,1,073,816.20
600297,-,3.40,3.98%,12,810.12,2,773,730.15
600298,ANGEL,37.29,-2.54%,24,954.60,3,072,997.84
600299, Adisseo ,11.94,2.31%,5,454.63,3,202,190.12
600300,VVFB,3.14,1.29%,7,794.02,525,008.00
600301,NNCI,6.38,1.59%,184.37,150,024.51
600302,TYPICAL,3.91,2.09%,348.71,135,289.83
600303,SG AUTOMOTIVE GROUP,3.55,3.20%,3,597.74,239,839.49
600305,Hengshun Vinegar,18.97,-0.68%,13,580.23,1,486,412.18
600306,S.Y.C.C.,0.00,0.00%,0.00,0.00
600307,JSHX,1.69,-0.59%,5,074.89,1,058,507.40
600308,SDHT,4.42,2.08%,4,662.90,516,062.15
600309,wanhua,45.16,4.08%,61,732.97,14,179,095.76
600310,GDEP,3.66,0.55%,818.32,302,965.65
600311,GSRH,1.86,-5.10%,348.86,123,801.60
600312,HPEC,8.42,2.56%,14,290.69,1,142,527.74
600313,ZSIG,3.88,0.52%,8,039.94,419,893.08
600315,shanghai jahwa,32.29,-0.28%,26,033.90,2,167,461.28
600316,HDAA,13.01,1.96%,5,421.86,932,965.98
600317,YKPLC,2.13,1.91%,1,063.97,1,378,745.38
600318,XLJR,7.85,3.43%,7,405.37,402,991.08
600319,YAXING CHEMICAL ,5.19,1.37%,275.71,163,793.29
600320,ZPMC,3.14,0.32%,1,428.55,1,654,263.00
600321,Rightway Holdings,2.15,3.37%,1,959.71,324,768.25
600322,TJRD,2.50,2.04%,1,935.43,276,425.00
600323,Grandblue ENV,20.98,4.43%,9,922.53,1,607,621.91
600325,Huafa Industrial share,6.69,1.83%,11,396.45,1,416,419.92
600326,TTC,6.93,0.58%,6,999.42,599,711.47
600327,CMC,3.72,2.20%,2,380.17,329,137.98
600328,LANTAI INDUSTRY ,7.47,-1.97%,6,020.98,715,375.45
600329,TZXP,13.83,-0.93%,4,477.68,1,068,786.65
600330,TDG,8.88,5.21%,32,741.43,884,950.37
600331,Hongda Co.,Ltd,2.12,0.95%,1,488.84,430,784.00
600332,GYBYS,30.92,1.54%,11,716.43,5,026,945.61
600333,-,3.65,0.83%,572.65,222,296.20
600335,Sinomach Auto,4.95,2.06%,2,009.63,721,153.30
600336,AUCMA,5.26,4.16%,4,922.88,420,370.40
600337,MIHF,4.03,0.00%,1,457.22,713,677.83
600338,TIBET SUMMIT,7.56,0.80%,4,075.48,691,142.89
600339,CPEC,2.47,1.23%,4,847.56,1,379,037.43
600340,CFLD,24.16,2.50%,25,047.52,7,280,098.76
600343,AEROSPACE POWER,8.02,1.65%,1,720.11,511,841.49
600345,YCIG,20.62,3.00%,7,912.98,408,276.00
600346,HLGF,14.17,2.09%,31,205.37,9,974,404.40
600348,YQMY,4.45,1.60%,3,022.73,1,070,225.00
600350,SDHS,5.61,-0.53%,27,962.23,2,699,064.05
600351,YABAO PHAR,4.95,0.81%,781.31,381,150.01
600352,Zhejiang Longsheng,12.05,2.90%,46,212.55,3,920,264.89
600353,CDXG,5.02,1.83%,1,303.62,272,947.44
600354,Dunhuang Seed ,3.66,0.55%,1,968.78,193,175.56
600355,Routon,3.06,10.07%,2,163.21,150,579.30
600356,HENGFENG PAPER,6.42,1.42%,680.82,191,785.54
600358,CUTC,0.00,0.00%,0.00,0.00
600359,XTAD,6.56,2.82%,5,453.15,250,272.41
600360,Sino-Microelectronics,7.57,3.84%,34,981.58,729,726.28
600361,BJHLHM,4.30,1.65%,7,045.62,286,297.40
600362,JCCL,12.73,1.76%,6,659.73,4,408,054.53
600363,Lianovation,13.63,3.02%,4,189.10,604,458.81
600365,THGW,3.38,1.50%,754.87,135,200.00
600366,YUNSHENG,5.53,1.84%,4,847.34,546,979.89
600367,GZRS,6.77,1.35%,522.19,201,776.46
600368,WZJT,3.78,-2.58%,5,811.50,425,488.92
600369,SWSC,4.53,2.26%,6,566.37,2,557,234.43
600370,SFX,2.74,1.48%,531.51,218,444.92
600371,WanXiang Doneed Co.,Ltd.,13.87,0.36%,9,842.21,312,158.22
600372,AVIC AVIONICS,13.91,1.09%,6,286.54,2,447,500.28
600373,Chinese Media,12.02,3.35%,5,395.64,1,628,786.59
600375,HUALING XINGMA,5.16,3.61%,15,484.80,286,762.15
600376,BCDC,6.58,-6.40%,13,949.50,1,697,353.93
600377,Jiangsu Express,10.49,0.48%,5,705.24,5,284,597.13
600378,HCSC,17.59,4.58%,3,395.45,1,577,162.77
600379,BVEA,5.77,0.17%,1,250.87,190,526.30
600380,Joincare,12.56,-0.71%,17,096.68,2,445,332.18
600381,QINGHAI SPRING ,4.38,1.39%,1,096.97,257,132.60
600382,GDMZH,6.27,1.62%,1,420.46,380,508.85
600383,Gemdale,13.51,-0.52%,17,797.55,6,099,202.41
600385,S D J T,6.76,0.90%,468.07,100,120.43
600386,BJBASHI,3.84,0.26%,3,499.92,309,657.60
600387,HY Energy,7.59,-1.17%,5,967.08,358,076.82
600388,lk,8.95,2.40%,3,411.87,956,799.75
600389,JSAC,19.12,1.59%,1,155.15,567,864.00
600390,MINMETALS CAPITAL,7.31,1.53%,4,995.32,3,288,085.85
600391,AECC AST,17.38,2.84%,8,033.60,573,764.84
600392,SHRC,6.83,3.02%,7,853.80,1,198,779.11
600393,GZYT,2.85,0.00%,3,306.97,722,830.64
600395,PJRC,5.10,0.79%,1,149.54,844,076.45
600396,SHYJSHEN,2.54,1.60%,4,461.38,374,067.53
600397,ACIG,2.19,0.92%,550.69,216,801.21
600398,HLA,6.43,2.55%,4,568.20,2,842,070.16
600399,FSSS,4.38,0.92%,6,881.77,863,779.80
600400, Hongdou Industrial,3.44,1.47%,2,159.49,871,440.38
600403,DAYOU ENERGY,3.61,2.85%,717.12,863,083.28
600405,DPC,4.75,1.71%,2,190.27,265,972.90
600406,NARI-TECH,20.22,3.53%,27,508.19,9,345,564.33
600408,ANTAI GROUP,2.06,0.98%,1,517.04,207,400.80
600409,Sanyou Chemical ,4.42,1.61%,3,994.96,912,442.46
600410,Teamsun,14.81,10.03%,182,503.28,1,627,238.95
600415,YIWU CCC,3.29,2.49%,2,162.08,1,790,817.46
600416,XEMC,9.85,4.56%,5,303.12,931,646.81
600418,JAC,5.07,0.00%,6,165.83,959,909.24
600419,-,12.27,0.41%,3,443.54,329,571.39
600420, SHYNDEC ,9.22,0.99%,3,082.56,946,844.55
600421,YANGFANG HOLDING ,11.98,0.25%,365.78,234,328.80
600422,KPC,9.64,1.47%,3,038.65,733,553.67
600423,LZCIC,2.71,0.00%,174.24,216,446.35
600425,qscc,3.92,0.51%,7,045.94,540,485.71
600426,HUALU-HENGSHENG ,16.66,5.58%,17,169.68,2,710,015.14
600428,COSCOL,3.13,2.29%,1,402.53,671,901.69
600429,SANYUAN,4.81,0.00%,1,638.79,720,325.12
600433,GH,3.10,1.31%,1,456.54,394,107.79
600435,NNCC,7.47,1.36%,4,917.23,1,112,522.04
600436,PIEN TZE HUANG,141.51,-0.69%,47,007.68,8,537,541.84
600438,TONGWEI,15.08,6.35%,143,503.97,6,466,086.37
600439,rebecca,2.70,1.12%,826.67,305,636.07
600444,GUOTONG PP,9.08,0.78%,638.48,132,951.11
600446,KINGDOM,17.10,2.21%,16,256.10,1,471,353.23
600448,HUAFANG ,4.79,1.27%,1,998.72,251,403.01
600449,NXBM,15.09,-0.72%,18,797.06,721,575.19
600452,FULING POWER,19.30,2.71%,3,905.03,605,248.00
600455,But'one,21.86,1.96%,1,724.54,136,533.19
600456,BAOTI,24.74,1.69%,9,442.19,1,064,477.34
600458,TMT,6.66,1.37%,2,391.75,534,663.57
600459,SPM,16.21,9.97%,19,599.52,709,524.69
600460,Silan,14.15,5.52%,30,763.90,1,856,567.18
600461,HC WATERWORKS ,7.01,0.29%,2,893.61,664,574.88
600462,G.W,1.86,5.08%,1,252.76,99,283.08
600463,Airport Corp,5.82,2.65%,525.64,174,600.00
600466,BRC,5.69,1.43%,9,770.63,1,716,198.47
600467,HOMEY,2.51,0.80%,4,311.29,366,709.57
600468,BENEFO,4.65,2.20%,2,160.13,521,681.19
600469,Aeolus Tyre,4.70,1.29%,890.19,264,334.21
600470,Liuguo Chemical ,0.00,0.00%,0.00,0.00
600475,WHBC,10.86,0.00%,1,492.58,607,499.94
600476,copote,12.19,3.74%,1,130.13,196,344.33
600477,HXSS,3.91,3.17%,4,045.80,842,111.33
600478,CORUN,3.86,4.32%,2,960.79,638,166.61
600479,QianJin Pharmaceutical ,8.71,1.04%,2,733.19,364,519.70
600480,LINGYUN CORPORATION,10.45,8.29%,12,190.24,573,162.36
600481,SEES,3.02,0.00%,868.61,494,475.41
600482,CSICPCo.,Ltd,16.27,1.12%,3,667.45,2,757,758.43
600483,FUNENG CO.，LTD,7.60,0.93%,954.11,1,179,394.41
600485,XINWEI GROUP,0.00,0.00%,0.00,0.00
600486,Yangnong Chemical,76.96,1.00%,9,246.92,2,384,981.99
600487,HTGD,16.68,3.60%,38,666.26,3,257,179.23
600488,TJPC,4.43,-0.67%,1,244.78,483,705.80
600489,ZHONGJIN GOLD,8.30,-0.48%,12,164.22,2,864,443.87
600490,Pengxin Mining,3.46,2.06%,3,666.16,766,655.41
600491,LYCG,9.55,5.29%,14,025.29,1,460,918.85
600493,fzfz,4.97,2.69%,616.91,135,184.00
600495,JINXI AXLE,4.01,1.78%,3,031.66,484,484.55
600496,cjjg,3.45,2.99%,6,690.36,624,603.59
600497,Ch Zn&amp;Ge,3.51,3.54%,6,118.53,1,787,043.34
600498,FiberHome,31.61,3.88%,77,559.39,3,701,482.43
600499,KEDA,4.06,2.78%,1,724.22,640,345.52
600500,SINOCHEM INTERNATIONAL,4.99,1.42%,2,339.94,1,377,817.08
600501,Aerosun,8.40,1.57%,2,748.70,353,878.22
600502,ACEG,3.88,1.84%,1,852.08,667,810.19
600503,Deluxe Family,3.25,2.85%,7,798.12,520,744.25
600505,XCEP,10.33,7.49%,5,594.03,376,598.23
600506,XLGF,8.30,1.10%,1,270.28,122,596.70
600507,FangDa S.Steel,5.15,1.58%,2,290.78,1,110,946.63
600508,SHANGHAI  ENERGY,7.94,1.15%,980.09,573,838.09
600509,TFNY,2.99,1.01%,653.77,344,273.09
600510,BLACK PEONY,9.67,3.42%,37,224.69,1,012,540.89
600511,SINOPHARM CNMC,31.16,1.40%,24,535.83,2,351,031.34
600512,TENGDA  CONST.,3.06,0.99%,6,268.94,489,264.27
600513,LHPHARMA,10.46,2.25%,5,316.21,301,237.93
600515,HNA Infrastructure ,4.52,1.57%,5,076.13,1,766,231.79
600516,FangDa Carbon,8.31,1.47%,13,911.11,2,259,115.27
600517,ZXDQ,7.10,3.65%,5,959.38,3,771,225.63
600518,KMYY,2.71,-2.17%,6,515.83,1,347,916.51
600519,KWEICHOW MOUTAI,1269.11,-0.45%,158,879.18,159,425,319.00
600520,WenYi Technology,7.46,2.61%,1,730.35,118,188.78
600521,huahaipharm,25.89,-3.61%,40,043.41,3,423,618.39
600522,ZTT,11.14,4.11%,79,990.21,3,415,655.05
600523,GACO,12.62,1.86%,2,274.79,510,240.89
600525,CYG,4.97,-1.19%,3,336.28,648,970.25
600526,FEIDA ENVIRO,5.14,1.98%,1,790.57,281,366.00
600527,JNGX,3.66,-1.88%,26,925.44,528,187.08
600528,CRHIC,9.80,2.30%,3,487.46,2,177,120.56
600529,SDPG,38.13,-1.47%,9,513.88,2,268,612.02
600530,JIAODA ONLLY,0.00,0.00%,0.00,0.00
600531,YGGL,3.85,-0.77%,3,349.45,419,743.41
600532,SHANGHAI MINING,4.86,2.53%,2,869.11,250,807.94
600533,CHIXIA DEVELOPMENT ,3.49,0.58%,14,369.14,366,450.00
600535,Tasly,14.02,1.45%,6,313.82,2,120,758.05
600536,CHINASOFT,83.00,8.97%,180,612.91,4,104,871.09
600537,EGING PV,2.82,2.55%,696.95,331,733.31
600538,Gofar Stock,7.84,0.00%,3,226.74,364,090.53
600539,LIONHEAD,6.09,0.66%,169.34,140,070.00
600540,XINSAI CO.，LTD,4.17,0.48%,3,736.19,196,375.02
600543,GSMG,5.02,2.24%,848.44,161,202.24
600545,SAURER,5.03,2.03%,1,691.31,953,392.74
600546,SCIE,9.66,7.93%,26,355.10,1,915,052.63
600547,sd-gold,35.50,-1.77%,77,677.98,11,003,621.29
600548,szew,9.58,-0.52%,3,359.66,2,089,177.97
600549,XTC,11.25,2.93%,4,790.12,1,581,801.98
600550,-,5.19,2.37%,11,800.75,955,753.28
600551,Time Publishing,7.30,1.11%,670.74,369,252.47
600552,TSTC,5.38,0.00%,5,919.17,410,969.59
600555,HNA INNOVATION,0.00,0.00%,0.00,0.00
600556,INMYSHOW,16.89,1.81%,23,484.04,2,838,229.91
600557,Kanion Pharmaceutical,13.39,-1.18%,9,546.95,793,867.71
600558,ATLANTIC,3.00,-1.64%,3,072.65,269,281.45
600559,lao bai gan jiu,8.61,0.82%,3,728.62,772,564.49
600560,AriTime,10.33,1.77%,15,405.72,231,025.80
600561,Jiangxi Changyun,4.59,0.66%,398.47,108,812.38
600562,GLARUNTECH,14.67,1.59%,3,659.01,912,988.50
600563,Faratronic,52.99,4.72%,10,419.35,1,192,275.00
600565,DIMA,2.90,-1.69%,5,898.77,706,433.12
600566,JUMPCAN,20.70,0.29%,5,663.15,1,686,896.50
600567,SHANYING PAPER,3.01,0.00%,7,224.50,1,383,252.92
600568,ZZYL,1.36,1.49%,2,439.58,271,030.28
600569,AYIS,2.03,0.00%,975.42,583,101.54
600570,HUNDSUN,103.30,3.86%,91,176.52,8,296,505.76
600571,Sunyard,8.95,1.13%,4,854.47,393,512.90
600572,CONBA,5.13,1.38%,7,406.92,1,368,335.26
600573,HuiQuan Beer ,6.00,1.69%,873.45,150,000.00
600575,Huaihe Energy,2.29,0.88%,1,678.90,889,953.78
600576,Sunriver Culture,3.59,1.41%,466.15,222,365.46
600577,TJSMW,3.10,1.97%,8,459.14,595,635.61
600578,BJP,2.88,0.70%,814.09,1,943,059.52
600579,KMCL,5.72,2.14%,2,374.11,505,302.72
600580,WOLONG ELECTRIC ,10.61,5.89%,14,932.47,1,380,585.49
600581,BYIS,3.00,1.01%,1,413.44,459,869.36
600582,TDTEC,3.03,0.33%,3,046.58,1,253,992.43
600583,COOEC,4.96,3.12%,9,309.38,2,192,991.98
600584,JCET,25.19,10.00%,183,600.68,4,037,641.00
600585,ACC,59.85,-0.25%,84,031.82,31,716,325.94
600586,jjkj,2.70,1.89%,1,232.61,385,767.90
600587,SHINVA,15.40,-6.33%,15,731.94,625,899.26
600588,Yonyou,46.75,5.08%,112,435.28,11,702,839.28
600589,GDRT,0.00,0.00%,0.00,0.00
600590,TELLHOW,5.59,2.19%,2,170.49,484,261.02
600592,LS BEARINGS,11.56,1.49%,2,442.43,461,883.93
600593,sunasia,41.56,-0.34%,2,771.95,535,292.80
600594,YiBai Pharmaceutical,5.49,0.00%,4,701.87,434,768.14
600595,-,1.59,-0.62%,1,495.86,311,834.63
600596,XACIG,8.04,0.63%,3,929.83,567,048.84
600597,BRIGHT DAIRY,12.22,-2.40%,18,859.54,1,496,323.74
600598,hacl,16.95,-0.82%,51,776.90,3,013,167.45
600599,PANDA FINANCIAL,6.02,4.70%,1,603.33,99,932.00
600600,TSINGTAO BREWERY ,52.41,2.66%,50,477.62,7,080,500.83
600601,FOUNDERTECH,3.56,2.01%,7,189.29,781,381.27
600602,INESA-IT,7.17,3.31%,4,803.00,980,621.87
600603,GHWL,5.17,1.17%,2,455.68,651,366.36
600604,SHIBEI HI-TECH,7.90,10.03%,52,736.77,1,479,910.80
600605,HUITONG ENERGY,10.28,1.58%,585.11,151,470.24
600606,-,5.66,1.25%,17,690.89,6,887,175.38
600608,SBT,4.49,0.90%,484.86,147,658.79
600609,SJA,4.39,-1.57%,3,226.17,479,680.87
600611,DZT,3.59,0.28%,1,862.71,848,720.11
600612,L.F.X,41.60,1.46%,5,710.92,2,176,169.90
600613,Shenqi Pharmaceutical,6.62,0.91%,1,271.01,353,555.42
600614,PENGQI CO.,LTD,1.06,-0.93%,750.00,185,794.02
600615,SFH,7.96,1.40%,559.54,149,664.32
600616,SJW,4.81,1.91%,1,761.47,247,531.83
600617,GX ENERGY,3.57,2.29%,414.90,387,224.94
600618,SCAC,7.13,0.42%,1,117.44,824,513.18
600619,HIGHLY GROUP,7.81,1.03%,403.59,689,857.50
600620,SHSTC,5.57,1.46%,658.33,382,479.15
600621,SHCF,16.70,3.34%,47,045.05,1,771,701.82
600622,EBJB,4.52,9.98%,22,838.14,677,857.80
600623,-,5.23,1.36%,1,865.27,1,101,070.21
600624,FUDAN FORWARD,8.40,1.69%,7,842.79,575,158.09
600626,SD,4.92,3.36%,2,003.67,419,327.33
600628,SNW,11.99,1.10%,1,786.32,775,603.59
600629,Arcplus,7.79,0.52%,733.93,416,105.22
600630,SHD,6.72,1.05%,2,199.58,285,506.99
600633,ZDDC,9.55,3.80%,6,850.00,1,243,337.38
600634, FUKONG INTERACTIVE ,1.16,0.00%,376.89,66,784.92
600635,DZUG,4.33,2.61%,12,675.27,1,278,404.21
600636,CRCH,12.53,-1.65%,6,183.79,560,011.92
600637,OPG,9.00,2.62%,5,831.10,3,073,050.18
600638,NHPIGCL,4.99,2.67%,1,141.27,336,025.00
600639,Golden Bridge,14.17,8.50%,7,421.58,1,590,459.07
600640,BTH,17.37,4.26%,9,578.79,1,382,123.85
600641,SHWY,18.30,7.14%,17,936.63,1,475,270.51
600642,Shenergy,5.31,0.19%,2,654.98,2,608,292.35
600643,AJ,7.89,2.07%,6,588.50,1,279,696.81
600644,LEP,4.99,-1.19%,828.43,268,661.93
600645,VCANBIO,18.33,0.77%,8,833.12,857,788.81
600647,SHTD,11.98,2.13%,799.35,166,693.97
600648,WGQ,14.33,2.87%,3,188.03,1,626,955.29
600649,Chengtou Holding,5.14,1.38%,1,922.44,1,300,201.88
600650,JINJIANG INVEST,8.72,2.95%,747.54,481,004.01
600651,FACS,0.00,0.00%,0.00,0.00
600652,U9 GAME,2.08,0.48%,1,484.86,173,202.33
600653,SSHC,1.89,1.61%,771.62,367,865.88
600654,CS,1.97,-2.48%,1,396.02,252,755.14
600655,YYTM,7.61,2.98%,4,404.79,2,955,542.85
600657,Cinda Real Estate,4.02,2.03%,12,740.72,1,146,455.20
600658,BEZ,4.84,10.00%,3,860.32,541,395.16
600660,FYG,19.86,3.82%,22,289.11,4,982,114.42
600661,SXN,15.68,1.62%,1,163.96,449,308.57
600662,Qiang  Sheng  Holding,0.00,0.00%,0.00,0.00
600663,LJZ,11.70,7.93%,8,533.44,4,720,011.00
600664,HPGC,3.66,1.10%,4,059.86,917,568.98
600665,TANDE,3.40,1.19%,263.05,293,801.66
600666,AURORA,0.00,0.00%,0.00,0.00
600667,WXTJ,10.77,6.32%,58,817.88,2,268,366.82
600668,ZJJF,15.52,-0.51%,11,743.83,534,018.10
600671,TMSP,11.06,0.09%,968.47,134,687.45
600673,GDHEC CO.,LTD,6.73,1.66%,4,843.20,2,028,352.86
600674,SCTE,9.02,1.69%,4,045.48,3,970,730.71
600675,CECL.,4.23,0.71%,1,365.60,2,578,665.21
600676,SJY.,3.95,0.77%,1,164.07,406,254.71
600677,AEROCOM,0.00,0.00%,0.00,0.00
600678,SCGS,6.50,1.25%,3,143.68,226,843.50
600679,SPEG,10.30,1.18%,420.77,414,264.92
600681,BESTSUN RNREGY ,5.42,1.31%,670.56,781,965.25
600682,NJXB,8.12,0.12%,4,551.10,1,093,059.36
600683,MTL,4.10,1.49%,4,601.15,303,718.81
600684,GZPR,3.07,-0.97%,1,316.66,262,012.44
600685,COMEC,14.93,10.02%,34,774.78,2,110,365.02
600686,KLM,5.80,1.93%,730.49,415,887.50
600687,GTKG,0.98,5.38%,1,513.88,145,894.10
600688,SPC,4.00,1.27%,3,837.71,4,329,525.40
600689,SMEG,7.88,0.13%,1,827.87,158,381.18
600690,Haier Smart Home,15.45,-1.78%,59,486.24,10,165,430.44
600691,YMCC,1.95,0.52%,926.48,463,316.48
600692,YT,6.21,2.14%,2,984.00,218,445.48
600693,FJDB,4.71,0.43%,478.12,423,065.93
600694,DS,22.19,-0.22%,3,485.42,651,761.69
600695,GIG,7.24,2.84%,7,483.37,514,859.64
600696,-,12.82,1.34%,496.89,428,789.81
600697,CCEG,14.39,0.35%,1,958.89,228,927.74
600698,HNTY,2.41,0.84%,1,425.96,256,522.82
600699,NJEC,20.13,6.79%,56,657.71,2,490,610.55
600701,HGDHTED,0.00,0.00%,0.00,0.00
600702,-,23.89,-0.25%,17,361.85,804,242.52
600703,SAN'AN OPTO,21.85,6.74%,188,173.04,8,911,358.47
600704,-,4.64,1.53%,3,197.40,2,348,852.47
600705,AVIC CAPITAL,3.94,1.55%,5,569.13,3,536,672.35
600706,QJCT,7.21,2.12%,1,847.14,155,311.77
600707,-,3.81,1.87%,2,622.21,1,367,176.49
600708,-,2.93,-2.98%,5,408.05,652,990.57
600710,SUMEC,4.65,1.97%,1,776.47,607,638.49
600711,CTM,3.92,1.29%,4,365.33,904,749.40
600712,N.N.STORE,5.05,-5.25%,25,951.86,275,050.96
600713,NPC,4.38,1.15%,1,927.36,456,225.72
600714,Jinrun Mineral ,5.00,1.83%,314.14,144,088.14
600715,CIH,2.50,0.40%,1,803.53,463,713.38
600716,PHOENIX PROPERTY,3.61,0.84%,717.51,337,917.87
600717,TIANJIN PORT,5.38,2.09%,1,599.22,1,081,230.94
600718,Neusoft,11.10,1.56%,12,005.32,1,379,031.03
600719,DTPC,4.19,2.70%,374.58,169,527.23
600720,QLS,16.60,-3.15%,36,837.49,1,288,641.87
600721,BHC,5.37,0.19%,1,292.23,215,007.49
600722,JINNIU CHEMICAL,3.29,1.86%,1,343.41,223,825.17
600723,BCRG,5.41,0.56%,1,012.94,356,198.49
600724,NINGBOFUDA,4.38,1.15%,10,521.74,633,015.59
600725,YNYW,2.47,0.82%,328.81,304,420.09
600726,HDECL,0.00,0.00%,0.00,0.00
600727,LBC,6.88,0.44%,1,856.35,241,478.79
600728,PCI-STCL,9.42,3.52%,30,490.95,1,649,543.26
600729,CBEST,27.10,-0.22%,14,807.13,1,101,692.14
600730,CHINA HI-TECH,4.52,0.44%,2,097.52,265,168.51
600731,HLC,6.89,-0.43%,5,193.03,244,748.44
600732,Aiko Solar,7.71,3.21%,11,499.22,1,410,843.83
600733,-,5.48,0.92%,5,152.82,1,914,525.32
600734,SG,3.11,9.89%,6,254.65,193,557.79
600735,HIKING,5.13,1.58%,661.57,192,884.05
600736,SZNH,5.24,0.38%,6,144.40,603,277.48
600737,Cofco  Tunhe  ,8.13,0.49%,7,306.03,1,738,883.61
600738,LZMB,5.56,0.36%,7,487.55,430,046.25
600739,LNCD,17.15,2.51%,18,033.35,2,623,452.33
600740,SCC,5.51,0.55%,2,179.43,835,342.46
600741,HASCO,20.41,9.97%,58,107.52,6,434,709.65
600742,FAWAY,9.48,2.60%,2,793.65,481,258.04
600743,HY PROPERTY,2.29,2.23%,5,634.17,537,257.10
600744,DHEP,2.19,0.92%,921.01,390,066.22
600745,WINGTECH,106.71,10.00%,300,082.83,11,994,563.71
600746,SOPO,6.58,7.34%,9,487.63,689,813.18
600748,SID,5.15,2.18%,3,513.08,949,949.89
600749,TIBET TOURISM,8.32,0.48%,791.00,188,835.31
600750,JZYY,12.02,0.08%,3,497.51,631,050.00
600751,HNA Technology,2.90,7.41%,8,551.74,840,807.96
600753,HOSSI,13.30,3.10%,2,730.07,170,240.00
600754,JINJIANG SHARES,29.45,5.94%,21,200.90,2,821,122.82
600755,ITG,6.25,1.13%,6,179.92,1,156,295.77
600756,ISS,18.10,2.90%,5,987.82,586,618.74
600757,CJPL,5.20,3.17%,2,619.14,631,098.14
600758,HYNY,3.41,0.89%,2,465.91,450,807.93
600759,Geo-Jade Petroleum,2.13,1.43%,5,209.87,482,127.10
600760,AVIC SAC,33.86,1.44%,36,389.75,4,741,718.12
600761,AHHL,9.17,-0.43%,4,588.09,678,745.80
600763,TCMEDICAL,122.17,-1.74%,20,020.49,3,917,258.88
600764,-,26.74,0.00%,4,099.05,1,900,222.98
600765,AVICHM,9.29,8.15%,11,867.57,867,317.97
600766,yuancheng gold,7.03,1.01%,1,748.09,157,631.46
600767,-,3.83,0.00%,195.16,130,606.90
600768,NBFB,9.15,0.55%,1,175.70,122,378.69
600769,XLDY,5.63,-0.18%,1,980.26,211,112.16
600770,JSZY,4.90,3.81%,6,471.78,637,000.00
600771,GuangYuYuan,12.04,1.78%,5,377.15,592,367.64
600773,TUDI,5.50,2.04%,1,253.92,450,813.41
600774,HSGC,10.72,0.66%,772.94,243,288.26
600775,NPEC,7.95,2.85%,3,250.83,726,501.63
600776,Eastcom,16.68,2.27%,7,507.67,2,095,008.11
600777,XCEC,1.82,0.55%,11,725.60,1,237,690.24
600778,YOUHAO GROUP,4.43,-3.28%,2,397.75,137,990.67
600779,SCSF,45.37,-0.90%,14,354.95,2,216,531.83
600780,TEC,3.24,1.89%,515.85,371,466.82
600781,FUREN,4.75,-2.06%,1,976.07,297,899.82
600782,xinsteel,4.04,1.76%,6,510.98,1,288,243.97
600783,Luxin Co.,,13.90,2.28%,16,262.31,1,034,659.42
600784,LUYIN INVEST,4.19,2.20%,434.82,238,066.52
600785,XHCG,14.62,3.54%,845.67,329,872.93
600787,CMST,4.56,4.35%,5,828.78,1,003,109.27
600789,LKPC,8.77,0.80%,17,472.08,771,961.48
600790,L&amp;T  City,3.16,1.61%,1,615.87,463,189.93
600791,BEH-ZY,3.36,1.82%,445.71,152,167.68
600792,YNCE,2.86,1.42%,453.23,283,118.15
600793,Yibin Paper,14.09,-0.77%,1,506.38,178,041.24
600794,ZFTC,3.22,0.94%,1,907.07,390,312.99
600795,GDPD,1.99,0.51%,6,919.31,3,910,429.17
600796,QJBIOCH,5.58,0.36%,2,849.81,168,182.40
600797,INSIGMA,8.61,2.50%,8,170.68,901,153.26
600798,NBMC,3.07,0.99%,1,313.16,370,406.00
600800,GMCC,4.76,1.28%,857.30,477,145.38
600801,HUAXINCEM,26.68,1.25%,54,806.54,5,593,728.41
600802,FJC,12.44,-0.96%,22,135.02,475,050.84
600803,ENN-EC,9.15,1.22%,1,391.42,1,124,860.54
600804,DR.PENG,7.09,5.98%,35,958.98,1,015,567.56
600805,Yueda Inv.,3.94,1.03%,1,395.30,335,252.43
600807,S.T.H,3.94,2.60%,1,508.29,348,546.08
600808,MAS C.L.,2.59,2.37%,4,906.53,1,994,476.43
600809,Shanxi Fen Wine,106.15,2.57%,41,114.49,9,251,272.54
600810,SMIC,7.39,-1.86%,8,101.27,424,898.40
600811,OGI,3.58,2.87%,10,503.30,1,329,818.25
600812,NCPC,8.99,-0.11%,37,533.22,1,466,093.45
600814,HJBG,4.73,1.07%,777.88,338,207.66
600815,XGMA,2.28,0.88%,231.04,404,493.54
600816,AXXT,0.00,0.00%,0.00,0.00
600817,HST,9.53,-0.31%,451.70,153,347.31
600818,ZLC,10.43,-3.25%,3,412.31,335,270.17
600819,SYP,4.59,-1.50%,1,413.70,429,126.48
600820,STEC,5.73,1.78%,4,174.40,1,801,567.06
600821,TJQYC,3.39,-3.14%,1,756.67,141,114.93
600822,SMTC,7.98,1.92%,596.19,395,786.39
600823,SMC,4.10,0.74%,1,152.34,1,537,978.99
600824,YIMIN GROUP,3.13,1.62%,715.19,329,910.47
600825,Xinhua Media,5.25,0.38%,1,390.99,548,566.12
600826,LANSHENG,9.69,-0.62%,1,029.92,407,602.38
600827,SBGCL,7.69,0.13%,3,513.59,1,372,025.28
600828,Maoye Commercial ,3.77,-3.08%,2,935.51,652,957.42
600829,HRPC,7.36,1.10%,1,920.23,426,798.01
600830,SLT,5.80,1.22%,6,471.27,263,507.19
600831,SXBN,6.61,3.12%,6,054.47,469,569.06
600833,NO.1.PHARMAC,9.58,1.16%,955.57,213,716.72
600834,shentong metro,6.22,1.30%,394.14,296,931.54
600835,SMEIC,14.92,1.91%,2,727.28,1,525,927.05
600836,J.L.C,5.10,-5.03%,1,961.56,338,004.07
600837,HAITONG Securities Co.,Ltd.,12.85,1.74%,38,777.79,14,779,684.50
600838,SHJB,5.85,1.39%,2,475.64,234,515.96
600839,CHANGHONG,2.62,3.97%,9,598.60,1,209,455.99
600841,SDEC,7.09,1.29%,316.87,614,483.09
600843,ShangGong Group,6.66,-0.89%,990.38,365,360.67
600844,DHCT,3.88,1.04%,600.91,394,411.41
600845,Baosight,52.07,4.14%,32,899.10,5,937,907.90
600846,TJKJ,8.66,3.96%,9,066.78,541,043.47
600847,Wanli New Energy,10.10,0.00%,282.81,154,820.27
600848,SLHC,19.78,3.07%,8,182.43,4,157,890.92
600850,ECC,21.99,4.27%,4,836.39,938,648.05
600851,HX GROUP,7.58,2.71%,708.52,914,948.97
600853,LJRB,3.79,-1.04%,4,214.50,317,381.40
600854,CHUNLAN,3.63,1.97%,566.80,188,563.45
600855,ASCF,17.85,0.56%,31,065.68,784,670.09
600856,-,1.08,1.89%,1,103.40,147,598.67
600857,NBZB,9.19,3.14%,320.44,206,150.01
600858,INZONEGROUP,4.61,1.54%,1,122.24,239,750.70
600859,Wangfujing,12.81,1.91%,6,362.32,994,376.70
600860,JINGCHENG MAC,3.18,3.58%,407.71,134,196.00
600861,BURCG,10.99,1.57%,784.77,348,168.64
600862,-,14.94,0.95%,30,928.60,2,081,215.37
600863,NMHD,2.54,-0.78%,8,125.72,1,475,359.33
600864,HTGF,6.27,2.96%,7,018.94,1,304,517.72
600865,BAIDA GROUP,5.88,0.86%,666.89,221,229.31
600866,STARLAKE SCIENCE,4.73,2.16%,5,616.74,349,556.07
600867,THDB,12.60,0.16%,25,917.99,2,562,825.53
600868,MEI YAN,3.15,0.96%,2,792.07,597,916.83
600869,Smarter Energy,4.29,1.42%,6,927.89,952,102.33
600870,XOCECO,2.66,-1.12%,1,039.79,139,171.11
600871,SSC,1.88,1.62%,1,652.24,3,569,055.93
600872,JonJee Hi-tech,46.86,1.94%,22,573.45,3,733,041.89
600873,MEIHUA BIO,4.53,0.22%,7,203.60,1,406,243.21
600874,TCEPC,6.97,0.43%,4,526.91,994,778.22
600875,DEC,8.55,4.01%,10,114.85,2,666,567.27
600876,LYG,13.15,2.10%,2,246.08,726,401.41
600877,CETC Energy,6.07,2.02%,2,136.73,499,052.15
600879,CATEC-LTD,6.53,3.65%,14,150.72,1,775,684.15
600880,B-RAYMEDIA,3.78,1.34%,1,710.67,413,279.53
600881,YTG,2.99,1.70%,1,717.63,971,425.16
600882,Milkground,25.90,-3.68%,8,183.29,1,060,234.75
600883,YBTI,8.58,2.88%,1,313.10,202,563.50
600884,NBSS,10.91,2.92%,20,166.20,1,224,936.60
600885,Hongfa,32.91,8.26%,18,190.71,2,451,010.27
600886,SDIC Power,7.73,2.25%,8,026.05,5,245,596.05
600887,YILI,28.89,-1.37%,184,639.68,17,524,347.06
600888,XJJW,4.55,2.94%,5,654.52,471,140.32
600889,NCFC,5.77,-0.52%,577.03,211,381.65
600890,CRED HOLDING,6.88,2.99%,3,136.85,398,486.11
600892,DASHENG CULTURE,2.76,-4.83%,363.41,154,412.12
600893,AECC AP,24.70,1.65%,19,975.56,5,557,115.79
600894,GRI,6.97,1.01%,4,268.94,599,382.99
600895,ZJHTC,13.33,6.22%,25,157.22,2,064,403.17
600896,LMI,4.28,2.88%,1,502.42,371,974.40
600897,XIAC,17.78,2.24%,1,572.94,529,506.18
600898,GMTC,6.70,-4.96%,132.59,169,190.96
600900,CYPC,17.44,-0.97%,12,175.24,38,368,000.00
600901,JFL,5.26,2.73%,6,215.10,1,570,977.88
600903,Guizhou Gas,9.76,1.24%,2,554.05,1,110,868.59
600908,Wuxi Rural Commercial Bank,5.08,1.20%,3,156.73,938,917.77
600909,HUAAN SECURITIES,7.25,3.42%,27,874.84,2,625,225.00
600917,CQGAS,6.67,0.00%,1,040.25,1,037,852.00
600919,BANK OF JIANGSU,6.03,-0.17%,25,415.23,6,961,336.84
600926,BANK OF HANGZHOU,8.36,4.76%,36,671.31,4,957,647.56
600928,BANK OF XI'AN,5.43,0.93%,3,670.88,2,413,333.33
600929,-,5.77,0.35%,1,370.96,529,542.41
600933,IKD,11.51,6.08%,9,062.95,986,841.96
600936,-,3.59,1.70%,479.28,599,898.42
600939,CCEGC,3.89,0.52%,884.12,705,840.50
600958,ORIENT SECURITIES ,9.42,1.84%,15,241.79,6,588,023.77
600959,JSCN,3.50,0.86%,2,670.37,1,750,251.19
600960,BHAS,2.96,5.71%,1,522.84,281,352.59
600961,ZHUZHOU SMELTER,5.69,0.35%,1,531.95,300,123.55
600962,SDICZL,8.03,2.42%,1,838.63,210,554.63
600963,yyfp,4.90,2.51%,3,644.63,684,889.24
600965,Fortune,6.84,1.63%,1,091.18,559,991.45
600966,sdbh,7.72,5.61%,10,850.91,1,032,043.79
600967,nmyj,9.55,3.69%,7,019.58,1,613,598.39
600968,CNOOC EnerTech,2.32,2.20%,5,341.89,2,358,304.17
600969,Chendian International ,6.08,0.83%,404.63,224,990.69
600970,sinoma-int,5.85,1.56%,4,018.39,1,017,650.70
600971,HYMD,4.93,0.20%,2,088.02,591,602.41
600973,BAOSHENG SCI,4.14,0.49%,3,619.29,567,745.63
600975,NWF,8.63,-2.49%,23,243.60,563,259.03
600976,JIANMIN GROUP,15.54,1.64%,864.30,238,381.42
600977,CFC,13.16,5.03%,20,394.34,2,456,972.00
600978,Yihua Life,0.00,0.00%,0.00,0.00
600979,AAA PUBLIC,3.93,0.77%,497.41,372,521.61
600980,BGRIMMTEC,11.75,2.17%,1,198.74,182,371.61
600981,HIGH HOPE GROUP,3.27,1.24%,1,092.19,733,275.65
600982,nbtp,2.62,1.55%,489.41,292,855.27
600983,Whirlpool,4.64,2.88%,1,820.27,355,627.70
600984,SCMC,14.53,4.83%,15,148.79,1,404,988.32
600985,hbky,8.42,1.69%,2,256.79,1,829,171.10
600986,KEDA GROUP,3.92,3.98%,6,667.15,519,475.41
600987,ZJHM,5.46,0.92%,362.20,590,127.09
600988,CHIFENG GOLD,8.28,-1.78%,44,326.01,1,377,718.62
600989,-,8.43,1.57%,3,149.44,6,182,022.48
600990,Sun-Create,37.87,2.43%,2,360.84,602,811.29
600992,GZWRC,5.97,1.19%,324.26,146,318.73
600993,Mayinglong,16.28,0.18%,6,863.51,701,755.73
600995,WSDL,7.73,1.05%,1,782.00,369,900.91
600996,GZBN,7.13,2.89%,1,729.80,749,861.93
600997,KEC,4.50,1.58%,1,451.92,714,509.93
600998,Jointown,17.82,-1.87%,13,956.90,3,345,997.52
600999,CMS,18.60,1.97%,17,840.19,12,460,901.35
601000,TSPGC,2.29,1.33%,2,408.14,1,357,037.65
601001,DTCI,3.67,2.80%,4,572.29,614,247.90
601002,GEM-YEAR,5.61,1.81%,2,861.53,444,699.09
601003,LIUSTEELCO,5.01,1.42%,1,137.31,1,283,959.39
601005,CISC,1.53,2.00%,2,094.87,1,364,546.15
601006,Daqin Railway,7.27,2.68%,30,944.28,10,808,157.41
601007,JINLING HOTEL,8.29,0.61%,1,738.21,248,700.00
601008,lygport,3.29,1.54%,954.76,359,868.82
601009,NJCB,7.73,0.78%,27,062.52,7,735,424.12
601010,WFDSJ,3.05,0.33%,1,234.34,563,640.00
601011,QBC,3.15,1.29%,1,660.91,507,274.30
601012,LONGi,30.93,3.17%,112,352.17,11,666,847.83
601015,Shaanxi Heimao,2.65,1.53%,604.49,431,894.21
601016,CECWPC,2.22,1.37%,3,462.92,922,534.32
601018,NZP,3.34,2.14%,2,998.66,4,399,731.17
601019,Shandong Publishing&amp;Media,6.25,1.96%,1,118.68,1,304,312.50
601020,-,7.82,2.22%,1,381.54,409,937.88
601021,SA,37.15,7.56%,46,054.40,3,405,643.45
601028,YLSP,6.29,2.11%,1,721.09,492,523.20
601038,FIRST TRACTOR,7.15,0.00%,11,040.54,704,882.75
601058,Sailun Group,4.46,3.00%,13,633.95,1,204,316.26
601066,CSC,34.87,2.62%,115,948.97,26,662,945.32
601068,CHALIECO,3.94,1.03%,825.19,1,165,872.27
601069,-,13.62,0.44%,4,201.78,866,232.00
601077,Chongqing Rural Commercial Bank ,5.00,-3.10%,53,277.59,5,678,500.00
601086,GGITG,4.62,1.54%,901.42,307,692.00
601088,CHINA SHENHUA,15.91,1.66%,22,902.78,31,644,386.14
601098,CNS,11.00,2.14%,4,367.27,1,975,600.00
601099,PACIFIC SECURITIES,3.25,2.20%,14,849.13,2,215,302.82
601100,JSHL,69.90,-1.38%,19,680.42,6,165,180.00
601101, HAOHUA ENERGY ,3.68,1.94%,808.19,441,599.36
601106,CFHI,2.83,-1.05%,11,364.91,1,940,752.57
601107,Sichuan Express,3.73,-2.36%,5,166.94,1,140,656.38
601108,CAITONG SECURITIES,9.55,2.91%,30,906.89,3,427,495.00
601111,Air China ,7.20,5.11%,58,336.59,10,457,866.93
601113,Huading Corp.,2.43,-0.82%,984.95,277,379.90
601116,SJGW,13.71,0.29%,6,926.89,750,867.09
601117,CNCEC,6.16,0.82%,9,573.93,3,038,728.00
601118,HAINAN RUBBER GROUP,5.06,1.81%,6,744.03,2,165,390.47
601126,SIFANG,6.54,-1.80%,14,900.53,531,814.49
601127,SOKON,7.99,3.36%,1,077.97,1,012,594.02
601128,Changshu Bank,7.17,0.42%,23,855.62,1,965,193.70
601137,BAMC,13.67,1.71%,10,200.58,935,739.49
601138,-,14.70,3.23%,57,987.67,29,186,602.89
601139,SGC,7.58,0.00%,3,487.43,2,180,589.80
601155,Seazen,32.04,-0.74%,28,495.96,7,230,544.29
601158,CHONGQING WATER,5.28,0.57%,760.53,2,534,400.00
601162,-,5.55,5.92%,79,585.53,3,699,611.84
601163,-,13.47,2.20%,3,678.90,1,077,600.00
601166,INDUSTRIAL BANK,16.71,1.21%,69,657.90,34,713,672.74
601168,Western Mining,5.45,2.06%,4,512.64,1,298,735.00
601169,BOB,4.99,0.60%,25,023.42,10,550,349.15
601177,HAGG,7.78,0.52%,486.29,311,246.68
601179,China XD,5.81,2.11%,49,492.73,2,978,137.65
601186,CRCC,9.76,0.83%,36,610.34,13,253,632.50
601188,HTDC,2.72,-0.73%,1,060.53,357,918.97
601198,DONGXING SECURITIES CO., LTD.,10.72,2.19%,10,243.59,2,956,533.82
601199,Jiangnan Water,3.91,1.82%,1,669.19,365,667.22
601200,SHANGHAI ENVIRONMENT,12.91,-0.08%,8,499.28,1,179,230.95
601208,EMT,5.81,1.40%,2,908.18,364,055.18
601211,GTJA,16.90,0.96%,30,524.68,15,054,432.99
601212,BNMC,2.58,1.18%,3,195.93,1,910,431.82
601216,JUNZHENG,2.85,1.42%,6,698.24,2,404,834.96
601218,SINOJIT Technology,2.73,1.87%,776.82,270,750.48
601222,LINYANG ENERGY,5.12,2.20%,3,652.09,899,928.08
601225,SHCI,7.49,1.77%,13,468.11,7,490,000.00
601226,HUADIAN HEAVY INDUSTRIES,3.80,1.06%,556.27,438,900.00
601228,guangzhou port,3.20,1.27%,1,140.01,1,981,817.60
601229,Bank of Shanghai ,8.16,0.25%,14,409.08,11,592,527.42
601231,USISH,17.92,4.86%,30,994.48,3,908,592.45
601233,tkgf,11.78,2.08%,9,668.13,2,176,866.90
601236,HONGTA SECURITIES,19.47,8.17%,88,888.51,7,074,240.31
601238,GAC  GROUP,9.80,4.26%,10,613.86,10,032,953.46
601258,PD Group,1.27,0.79%,7,433.80,1,298,857.58
601288,AGRICULTURAL BANK OF CHINA,3.46,0.58%,25,897.26,121,094,129.72
601298,QDPI,5.58,2.01%,2,870.80,3,622,033.80
601311,Camel Group,9.01,2.74%,7,778.97,778,305.17
601318,PING AN OF CHINA,74.32,0.43%,246,367.51,135,858,754.16
601319,PICC Group,6.35,2.09%,24,305.93,28,082,234.02
601326,QHD Port,2.69,1.51%,1,062.39,1,503,013.83
601328,BANKCOMM,5.19,0.19%,19,314.22,38,542,355.13
601330,Dynagreen,9.59,3.12%,4,960.05,1,113,590.80
601333,GSRC,2.38,2.59%,3,708.41,1,685,881.81
601336,NCI,44.85,-0.13%,34,486.64,13,991,166.50
601339,BROS EASTERN,3.33,1.22%,362.65,499,500.00
601360,360,18.59,2.31%,24,596.35,12,574,378.56
601366,Liqun Co., Ltd. ,6.19,-0.48%,3,054.18,532,649.78
601368,-,5.20,0.97%,206.60,459,146.00
601369,ShaanGu,6.01,1.35%,1,318.19,1,008,454.10
601375,CCSC,4.71,2.39%,7,133.78,1,822,332.30
601377,Industrial Securities ,6.01,1.52%,13,181.22,4,024,699.68
601388,Yechiu Recycling,1.65,10.00%,6,330.44,334,191.00
601390,China Railway,5.87,3.35%,18,089.12,14,423,135.49
601398,ICBC,5.17,0.39%,36,427.95,184,262,034.92
601500,GS,5.70,2.33%,394.55,497,205.35
601512,-,11.31,0.71%,7,565.33,1,695,244.59
601515,DFP,6.07,1.85%,943.70,809,980.80
601518,JLEC,2.33,0.43%,561.19,314,642.06
601519,DZH,7.36,2.94%,17,290.79,1,462,947.20
601555,SCS,7.73,2.79%,15,860.16,2,999,641.12
601558,Sinovel,0.00,0.00%,0.00,0.00
601566,JOEONE,9.72,1.14%,772.91,558,547.31
601567,SANXING MEDICAL,7.64,1.33%,3,988.51,1,059,338.76
601577,BANK OF CHANGSHA,7.85,0.90%,8,406.13,2,685,919.70
601579,-,7.53,0.67%,456.72,374,512.08
601588,BEIJING N STAR,2.72,0.74%,1,754.03,915,829.44
601595,SFC,14.10,2.17%,5,216.82,526,635.00
601598,SINOTRANS,3.27,2.19%,2,924.94,2,420,062.87
601599,LGWH,2.48,-3.88%,2,275.83,221,395.79
601600,CHALCO,2.83,1.07%,5,149.58,4,817,416.45
601601,CPIC,30.77,0.07%,44,319.79,27,883,774.00
601606,GreatWall Military Industry ,11.34,4.23%,31,662.22,821,275.01
601607,Shanghai Pharma,18.42,0.77%,13,877.35,5,235,128.53
601608,CITIC HIC,3.74,-1.84%,21,885.90,1,622,942.82
601609,-,7.98,-1.97%,19,588.85,1,162,661.26
601611,CNEC,6.20,2.14%,3,883.03,1,627,506.84
601615,Ming Yang Smart Energy,11.50,0.70%,16,936.15,1,586,680.73
601616,SGEG,3.48,0.87%,6,523.23,325,580.10
601618,MCC,2.58,2.38%,6,242.93,5,346,693.75
601619,Jiaze Renewables ,3.06,1.66%,1,349.54,634,674.60
601628,China Life,28.74,-0.03%,27,811.13,81,232,762.17
601633,Great Wall Motor,8.08,3.32%,7,066.80,7,374,833.35
601636,Kibing,5.26,2.94%,12,674.89,1,413,442.55
601658,PSBC,5.19,1.17%,13,676.94,45,141,873.78
601666,pingmei coal,4.19,0.96%,3,872.46,975,308.17
601668,CSCEC,5.22,0.77%,48,531.41,21,905,767.33
601669,POWERCHINA Ltd.,3.57,2.00%,10,956.42,5,461,755.50
601677,Mtalco,9.22,0.77%,2,854.04,568,229.56
601678,BEFAR,4.64,1.53%,3,767.87,716,601.60
601688,HTSC,18.16,2.95%,80,020.76,16,483,196.40
601689,-,24.17,4.41%,43,300.35,2,549,905.39
601696,BOCIC,19.35,4.82%,68,531.62,5,375,430.00
601698,CHINA SATCOM,16.97,4.69%,44,017.68,6,788,000.00
601699,lu'an EED,5.67,1.98%,2,673.63,1,696,129.02
601700,CHANGSHU FENGFAN,5.31,1.92%,4,573.52,601,746.19
601717,ZMJ,5.20,1.17%,5,777.76,900,885.11
601718,Jihua Group,3.53,0.86%,8,502.85,1,550,245.18
601727,Shanghai Electric,4.90,0.62%,8,812.67,7,424,706.58
601766,CRRC,6.19,0.98%,8,237.32,17,764,596.87
601777,LIFAN,3.13,0.97%,2,277.78,411,206.12
601788,EBSCN,11.13,1.92%,14,318.72,5,131,806.64
601789,NB CONSTRUCTION,4.86,3.18%,19,794.93,474,374.88
601798,Lanpec,5.98,0.67%,420.63,212,007.86
601618,MCC,2.58,2.38%,6,242.93,5,346,693.75
601619,Jiaze Renewables ,3.06,1.66%,1,349.54,634,674.60
601628,China Life,28.74,-0.03%,27,811.13,81,232,762.17
601633,Great Wall Motor,8.08,3.32%,7,066.80,7,374,833.35
601636,Kibing,5.26,2.94%,12,674.89,1,413,442.55
601658,PSBC,5.19,1.17%,13,676.94,45,141,873.78
601666,pingmei coal,4.19,0.96%,3,872.46,975,308.17
601668,CSCEC,5.22,0.77%,48,531.41,21,905,767.33
601669,POWERCHINA Ltd.,3.57,2.00%,10,956.42,5,461,755.50
601677,Mtalco,9.22,0.77%,2,854.04,568,229.56
601678,BEFAR,4.64,1.53%,3,767.87,716,601.60
601688,HTSC,18.16,2.95%,80,020.76,16,483,196.40
601689,-,24.17,4.41%,43,300.35,2,549,905.39
601696,BOCIC,19.35,4.82%,68,531.62,5,375,430.00
601698,CHINA SATCOM,16.97,4.69%,44,017.68,6,788,000.00
601699,lu'an EED,5.67,1.98%,2,673.63,1,696,129.02
601700,CHANGSHU FENGFAN,5.31,1.92%,4,573.52,601,746.19
601717,ZMJ,5.20,1.17%,5,777.76,900,885.11
601718,Jihua Group,3.53,0.86%,8,502.85,1,550,245.18
601727,Shanghai Electric,4.90,0.62%,8,812.67,7,424,706.58
601766,CRRC,6.19,0.98%,8,237.32,17,764,596.87
601777,LIFAN,3.13,0.97%,2,277.78,411,206.12
601788,EBSCN,11.13,1.92%,14,318.72,5,131,806.64
601789,NB CONSTRUCTION,4.86,3.18%,19,794.93,474,374.88
601798,Lanpec,5.98,0.67%,420.63,212,007.86
603990,MEDITECH,49.84,3.00%,1,835.95,560,474.60
603991,Original,23.18,4.74%,1,778.04,172,772.13
603992,松霖科技,14.92,0.81%,1,627.64,598,306.71
603993,CMOC,3.48,3.88%,22,081.99,7,516,535.72
603995,YONGJIN INC.,21.41,1.66%,2,129.88,493,864.47
603996,CHUNGHSIN TECHNOLOGY,0.00,0.00%,0.00,0.00
603997,-,7.57,1.75%,4,931.69,774,867.41
603998, Fangsheng Pharmaceutical Co., Ltd.,6.49,1.09%,626.51,281,565.22
603999,DZCM,5.59,2.38%,1,437.57,321,984.00
601996,Fenglin Group,2.59,1.17%,1,364.95,296,745.83
601997,BANK OF GUIYANG,7.92,0.00%,16,850.03,2,548,678.70
601998,CNCB,5.19,-0.38%,9,048.30,25,397,170.41
601999,NUPMG,5.86,2.81%,1,345.04,322,836.01
603000,People.cn,21.68,7.01%,68,463.77,2,397,138.21
603001,AoKang ,7.53,1.07%,263.13,301,937.94
603002,EBEM,4.35,2.84%,3,491.61,267,269.09
603003,Shanghai Lonyer Fuels CO.,LTD,8.28,5.34%,8,652.61,344,888.83
603005,WLCSP,102.00,7.37%,156,115.13,2,342,730.44
603006,Lianming,9.33,2.98%,1,422.78,178,275.95
603007,-,6.12,0.49%,686.07,206,301.41
603008,XILINMEN,10.68,-0.93%,3,210.76,417,735.16
603009,SHBT,6.06,3.95%,2,973.48,217,555.30
603010,-,13.48,4.90%,9,333.88,467,474.70
603011,HFM,4.99,-0.80%,2,306.37,226,084.32
603012,Chuangli Group,7.17,0.70%,20,289.33,456,413.52
603013,YAPP,13.89,1.09%,3,056.56,714,266.16
603015,TECHMATION,5.71,1.42%,386.50,232,447.25
603016,New Hongtai,23.92,-1.36%,3,386.27,354,398.72
603017,ARTS Group,10.35,1.17%,1,247.32,284,743.74
603018,-,13.85,-0.65%,4,628.38,643,156.11
603019,Sugon,48.54,4.39%,116,790.57,4,514,396.49
603020,Apple Group,9.41,2.39%,4,432.63,301,120.00
603021,SDHP,5.60,2.75%,603.38,179,170.92
603022,XINTONGLIAN,17.96,0.45%,2,802.56,359,200.00
603023,viti,5.82,3.01%,10,671.89,263,912.49
603025,-,7.62,3.11%,957.85,705,727.60
603026,-,25.20,4.22%,9,977.06,510,753.60
603027,-,30.72,-0.61%,11,491.71,1,434,830.83
603028,safety,11.49,2.13%,1,127.70,253,699.20
603029, Swan Cotton Machinery ,13.66,1.94%,675.11,127,502.44
603030,trendzone,5.12,1.39%,664.54,275,534.15
603031,Andeli,34.85,1.46%,2,742.90,390,320.00
603032,De Xin Road Transportation,17.48,2.52%,2,335.54,279,693.98
603033,Three-V,28.74,-3.33%,6,210.47,874,897.75
603035,CAIP,11.24,6.34%,7,302.94,314,720.00
603036,RT,8.73,1.39%,529.59,179,866.81
603037,Carthane,15.34,2.27%,1,230.45,162,333.56
603038,HUALI,12.99,1.09%,382.22,170,911.46
603039,WEAVER NETWORK ,84.08,2.79%,3,763.71,1,274,991.61
603040,XZB,26.89,4.06%,1,775.52,213,729.48
603041,Maysta,18.75,2.63%,2,283.81,188,704.88
603042,Huamai Technology,16.81,3.51%,6,093.50,228,616.00
603043,-,29.41,-2.49%,12,403.02,1,188,152.78
603045,-,12.31,0.57%,2,944.17,169,410.22
603050,-,13.30,2.94%,4,008.88,215,758.58
603053,-,13.80,1.47%,2,255.31,1,226,668.20
603055,-,5.96,0.68%,396.40,456,919.50
603056,DEPPON Corp.,9.68,1.04%,2,186.10,929,280.00
603058,Yongji Printing,7.15,0.42%,1,906.83,299,638.20
603059,Perfect,24.80,0.85%,1,502.84,248,000.00
603060,CTC,20.30,1.55%,1,557.67,625,240.00
603063,hoepwind,8.10,2.79%,1,181.89,348,838.65
603066,INFORM,8.86,5.35%,2,797.95,266,422.77
603067,-,5.58,1.45%,2,900.98,240,609.60
603068,BEKEN,74.63,3.29%,17,542.72,1,035,219.10
603069,-,9.85,1.34%,1,467.44,311,260.00
603076,LEHUI International,22.36,0.36%,1,353.09,166,582.00
603077,HBC,1.37,1.48%,3,849.02,1,209,881.28
603078,Jianghua Micro,40.15,5.80%,12,585.02,438,438.00
603079, SHENGDA BIO-PHARM ,41.77,-2.77%,10,790.97,510,754.48
603080,-,12.46,1.88%,1,288.68,176,309.00
603081,DFSY,11.17,1.55%,964.64,448,816.76
603083,CIG Tech,38.15,4.12%,14,781.11,646,447.71
603085,TC,5.98,3.10%,772.88,174,009.71
603086,CYNDA,20.15,0.70%,1,091.83,225,680.00
603088,JDM,10.97,4.58%,9,331.57,172,009.60
603089,ADD ,11.05,1.28%,593.75,170,912.01
603090,-,15.09,2.37%,606.02,150,900.00
603093,Nanhua Futures,21.32,3.14%,6,428.64,1,236,560.00
603095,Yuejian Intelligent ,27.65,1.02%,5,596.80,364,980.00
603096,THINKINGDOM,57.84,2.95%,3,724.40,782,621.47
603098,CENTERINT,10.16,0.79%,2,635.77,487,692.19
603099,cbs,7.80,2.36%,583.12,208,002.60
603100,CYA,8.22,-0.36%,2,568.44,324,690.00
603101,Wuika Times,6.52,2.19%,1,110.87,219,072.00
603103,-,14.77,4.31%,7,758.81,936,713.40
603105,SUNOREN,9.19,3.26%,13,370.77,459,500.00
603106,cashway,7.80,2.50%,10,779.56,312,312.00
603108,-,9.79,0.41%,4,647.34,567,363.86
603109,-,42.96,10.01%,27,180.79,630,094.32
603110,-,14.45,2.12%,893.35,207,694.73
603111,KN,7.63,3.11%,8,762.02,757,869.19
603113,JINNENG,9.54,5.76%,7,010.03,644,846.24
603115,HXGF,16.66,2.90%,1,418.65,346,528.00
603116,-,6.57,0.46%,400.12,378,563.93
603117,-,3.47,2.36%,658.18,223,126.86
603118,GONGJIN,12.22,6.91%,17,297.23,947,946.13
603121,sinotec,15.19,2.22%,2,572.81,328,104.00
603123,-,8.56,0.00%,3,506.29,448,667.45
603126,Sinoma-ec,4.15,1.22%,559.96,253,357.50
603127,-,97.91,0.27%,25,083.21,1,583,370.36
603128,CTS Logistics,5.64,1.08%,4,383.55,570,789.63
603129,-,41.10,2.75%,5,622.18,552,294.40
603131,-,16.04,5.60%,4,273.11,510,030.70
603133,Tanyuan Tech,16.56,4.22%,4,750.72,349,556.76
603136,TIANMU LAKE TOURISM CO.,LTD,25.45,4.30%,4,998.95,295,220.00
603138,VASTDATA,19.69,4.35%,4,702.89,414,690.77
603139, KANGHUI PHARMACEUTICAL,16.83,0.72%,540.76,168,098.04
603156,-,26.45,0.84%,2,942.44,2,789,358.81
603157,Lachapelle,3.12,1.96%,950.63,170,873.55
603158,CZTL,17.96,4.30%,4,577.67,389,680.28
603159,-,10.32,1.78%,454.76,144,480.00
603160,GOODIX,232.61,3.02%,134,605.07,10,608,282.28
603161,Kehua Holdings,12.94,-0.08%,602.08,172,619.60
603165,-,16.76,1.45%,686.00,297,245.60
603166,-,5.56,1.65%,974.25,330,963.84
603167,BHLD,7.76,2.37%,4,133.14,366,897.92
603168,SPAS,7.34,0.69%,702.80,236,782.89
603169,LSHEC,4.50,-3.23%,6,032.16,473,176.14
603177,TUNA,7.86,0.38%,669.78,158,772.00
603178,SLPT,7.41,4.07%,1,813.19,149,564.77
603179,Xinquan Automotive Trim,25.30,8.58%,5,957.18,572,303.07
603180,canc,60.90,1.92%,3,092.78,412,464.93
603181,HUANGMA,17.23,-1.88%,4,212.54,482,440.00
603183,IBS,11.33,1.61%,8,682.39,216,250.36
603185,SJSK,38.80,4.47%,6,413.40,692,056.20
603186,Huazheng New Material,56.07,6.31%,8,936.92,725,265.45
603187,Hiron Cold Chain,27.27,-1.77%,7,573.60,432,174.96
603188,YABANG,6.26,-0.32%,258.84,360,576.00
603189,Wondertek,21.75,5.48%,7,397.79,480,240.00
603192, Huide Science &amp; Technology ,24.05,0.42%,665.35,256,533.33
603195,GONGNIU,150.45,1.79%,14,239.53,9,027,000.00
603196,Ribo Fashion,7.97,1.14%,1,201.84,191,280.00
603197,Baolong Automotive ,27.14,6.89%,15,318.54,450,735.55
603198,YINGJIA DISTILLERY,16.23,-0.37%,5,361.39,1,298,400.00
603199,JHT,20.68,2.33%,1,278.30,228,886.24
603200,ECH,71.80,-0.55%,6,863.15,727,354.00
603203,QUICK CO.,26.48,3.68%,1,794.39,416,714.28
603208,Jiangshan Oupai,111.05,5.10%,5,713.72,897,462.36
603212,-,15.06,43.98%,303.10,602,415.06
603214,aiyingshi,28.56,3.85%,2,702.63,408,072.71
603217,Yuanli,38.56,1.21%,1,052.10,351,050.24
603218,-,20.89,1.70%,5,698.28,1,109,851.65
603220,-,20.07,3.45%,9,881.79,677,884.32
603221,ALJJ,13.95,1.38%,4,136.99,334,800.00
603222,-,46.86,0.19%,1,634.67,1,499,520.00
603223,HENGTONG LOGISTICS,9.86,-1.40%,1,073.14,278,288.64
603225,xfmgroup,10.34,-0.10%,1,215.16,1,447,155.29
603226,-,15.05,1.28%,1,803.54,227,753.23
603227,-,3.68,3.37%,818.33,242,401.60
603228,Kinwong,50.30,1.41%,20,715.45,3,061,934.08
603229,Ausun Pharm,29.70,-1.00%,2,352.03,475,200.00
603232,KOAL,40.18,5.76%,4,798.73,487,254.82
603233,DSL,64.88,-7.43%,38,759.36,3,548,615.14
603236,Quectel,208.60,6.70%,18,718.43,1,860,294.80
603238,Nbond,30.22,2.41%,2,825.42,362,640.00
603239,zjxt,12.08,5.87%,3,601.79,327,029.76
603256,Grace  Technology ,10.41,3.27%,1,656.95,913,789.80
603258,Electronic Soul Network,33.47,5.15%,16,230.07,817,273.81
603259,WuXi AppTec,100.99,-1.50%,64,498.71,16,674,726.84
603260,Hoshine Silicon,22.65,2.40%,4,318.26,2,124,570.00
603266,Tianlong Corporation,10.66,3.39%,4,324.37,212,213.78
603267,HONGYUAN ELECTRONICS,51.90,3.12%,9,101.86,858,114.60
603268,SONGFA,14.00,0.79%,602.07,173,836.32
603269,SGC,13.08,0.46%,474.17,119,642.76
603277,YINDU KITCHEN EQUIPMENT,9.04,-3.42%,2,058.59,370,689.72
603278,-,7.60,1.33%,1,198.89,220,348.68
603279,JJHB,20.79,0.48%,1,819.72,831,672.77
603283,secote co. ltd.,36.57,4.55%,5,969.18,643,962.65
603286,R&amp;Y,14.99,1.63%,515.19,132,025.92
603288,HAI TIAN,123.22,-2.59%,38,299.55,33,273,951.01
603289,TEDERiC,7.89,1.68%,385.29,210,505.20
603290,STARPOWER,143.80,10.00%,72,998.75,2,300,800.00
603297,-,34.70,2.06%,3,159.36,383,591.15
603298,-,13.09,1.71%,2,521.95,810,080.12
603299,-,5.90,1.72%,1,137.00,457,681.20
603300,-,6.05,2.37%,1,763.97,411,450.24
603301,Zhende Medical,38.11,-0.65%,10,303.16,533,540.00
603303,-,8.91,2.41%,1,780.62,434,554.39
603305,-,42.80,9.10%,44,404.80,1,774,927.97
603306,HMT,14.23,1.21%,2,028.63,441,947.81
603308,YINGLIU,14.33,7.50%,9,856.10,699,249.67
603309,-,16.47,-1.91%,5,402.09,329,400.00
603311,Goldensea,11.23,2.00%,1,084.99,235,830.00
603313,Healthcare Co.,Ltd,22.66,10.00%,17,311.36,773,138.46
603315,fu an,10.54,1.64%,615.39,323,605.68
603316,-,13.14,-0.38%,2,937.72,267,109.92
603317,天味食品,51.15,0.37%,8,861.90,2,113,287.83
603318,ENERGAS,6.72,2.28%,3,219.42,270,253.05
603319,HOP,19.09,5.01%,1,927.10,200,257.06
603320,DIBAY,15.44,2.32%,1,113.35,154,400.00
603321,-,7.56,1.61%,2,692.89,232,092.00
603322,STS,17.26,2.74%,2,876.48,270,153.52
603323,SUZHOU RURAL COMMERCIAL BANK,4.43,0.23%,7,068.60,798,758.29
603326,OLO Home,16.55,-0.30%,529.33,374,410.65
603327,FRKJ,24.16,3.20%,3,239.24,968,816.00
603328,Ellingtonpcb,10.32,4.14%,6,023.76,1,030,375.54
603329,Shanghai Yashi,10.53,5.83%,1,865.63,138,996.00
603330,-,16.54,6.85%,4,725.02,180,616.80
603331,-,17.30,-1.03%,1,942.04,222,187.88
603332,-,22.38,1.22%,2,160.56,266,183.24
603333,Sunway,7.36,-1.74%,9,801.38,382,650.08
603335,DCENTI,4.44,1.37%,4,813.60,190,096.20
603336,GREAT-SUN,16.19,1.31%,6,350.98,364,860.27
603337,JACK,17.97,1.24%,2,006.24,798,745.33
603338,Zhejiang Dingli,78.45,9.70%,27,231.11,2,720,453.08
603339,SQTEG,13.35,-0.37%,1,570.35,281,250.96
603345,-,93.69,-1.90%,14,831.02,2,214,612.82
603348,-,17.07,4.09%,5,482.75,395,322.18
603351,Well Pharmaceutical ,31.51,1.51%,1,160.37,294,093.48
603353,HSPC,28.65,1.99%,7,036.99,382,133.70
603355,Kingclean,21.76,1.59%,1,063.40,872,576.00
603356, Valin Precision ,16.60,0.18%,1,933.70,221,344.40
603357,ATCDI,10.09,3.17%,2,474.77,458,633.58
603358,Huada,16.03,6.23%,2,921.69,502,700.80
603359,-,17.35,2.06%,4,437.40,552,840.40
603360,-,19.04,1.76%,4,621.60,497,603.55
603363,Aonong Group,21.11,-0.19%,11,207.92,916,608.34
603365,-,13.51,1.20%,935.58,360,271.17
603366,Solareast,5.84,0.52%,4,983.32,467,200.00
603367,CISEN,15.68,0.64%,4,323.07,710,857.50
603368,LZYY,33.71,0.24%,4,923.40,873,336.57
603369,King’s Luck,31.88,-1.27%,11,571.69,3,999,346.00
603377,dfss,15.98,1.08%,5,614.91,939,624.00
603378,YSCN,32.75,0.77%,2,676.68,637,970.00
603379,Sanmei,29.24,2.52%,1,216.97,1,275,029.07
603380,ETRON,17.03,4.16%,2,439.31,272,480.00
603383,Apexsoft,55.95,2.91%,3,574.62,672,436.42
603385,HUIDA SANITARY,9.48,1.17%,783.68,350,187.83
603386,GUANGDONG CHAMPION ASIA,13.95,2.42%,1,127.62,315,689.57
603387,Getein Biotech,31.16,-7.32%,35,456.89,811,344.30
603388,Yuancheng,7.15,-1.38%,1,080.66,206,368.66
603389,A-Zenith,3.53,-1.40%,1,282.42,92,751.46
603390,Tongda Electric,12.23,1.66%,2,445.63,430,113.18
603392,Wantai BioPharm,13.86,10.00%,50.79,600,969.60
603393,-,43.20,2.78%,6,230.86,967,680.00
603396,JINCHEN MACHINERY ,19.37,9.99%,3,860.21,204,894.57
603398,banbao,8.72,-0.91%,1,832.83,258,445.80
603399,-,7.32,1.39%,1,096.18,398,098.68
603416,Xinje Electric,40.15,3.83%,6,014.97,564,348.40
603421, Topscomm Communication ,14.19,2.53%,1,666.12,665,663.21
603429,-,37.77,1.48%,2,575.10,1,025,830.39
603439,-,12.80,9.97%,193.66,521,372.44
603444,G-bits,379.00,-0.38%,25,813.39,2,723,666.52
603456,JIUZHOU  PHARMACEUTICAL,20.93,-1.27%,13,272.12,1,686,251.34
603458,GSDC,20.32,1.25%,5,255.60,377,729.75
603466,-,13.91,1.90%,2,283.84,405,825.64
603477,-,12.05,0.67%,2,357.44,289,200.00
603486,ECOVACS,19.42,4.69%,3,287.86,1,096,215.50
603488,Flying Technology,8.82,1.15%,1,518.54,184,285.96
603489,-,85.54,9.54%,20,955.51,1,026,480.00
603496,EmbedWay,22.27,5.20%,6,297.46,450,735.22
603499,-,15.18,1.20%,908.44,215,308.05
603500,Tiantai Xianghe ,13.86,-0.22%,2,073.03,244,490.40
603501,Willsemi,192.14,7.65%,101,314.21,16,592,760.75
603505,China kings,21.35,0.23%,3,411.42,512,400.00
603506,NACITY SERVICE,19.99,-3.62%,3,200.21,268,119.84
603507,-,24.24,-1.38%,622.83,310,445.07
603508,-,50.31,0.66%,8,146.25,979,730.66
603515,OPPLE,23.90,1.49%,1,644.52,1,806,992.37
603516,Tricolor,38.02,4.36%,4,438.21,506,808.04
603517,-,53.48,-3.73%,22,947.32,3,254,956.96
603518,-,6.33,1.44%,1,027.33,159,766.34
603519,LIBA,11.27,2.64%,619.77,250,126.23
603520,Starry,62.83,-2.13%,9,759.59,1,054,905.57
603527,ZYNM,14.10,3.37%,1,038.43,245,565.60
603528,DUOLUN TECHNOLOGY ,7.75,1.31%,2,345.86,485,754.11
603530,JSSMDL,25.60,7.20%,24,089.61,1,024,113.89
603533,-,34.93,-2.84%,36,987.67,1,400,693.00
603535,-,16.38,0.61%,1,328.63,246,355.20
603536,-,13.32,-2.49%,6,258.89,223,776.00
603538,Menovo,34.69,-2.80%,10,203.33,519,246.86
603551,-,15.34,0.79%,1,516.69,613,615.34
603555,Guirenniao,0.00,0.00%,0.00,0.00
603556,HXEC,15.01,0.54%,2,952.77,736,092.61
603557,Qibu Co.,Ltd.,8.23,1.60%,2,590.96,390,299.24
603558,Jasan Group,8.11,1.88%,913.56,337,665.00
603559,-,20.57,3.94%,14,260.96,294,795.27
603566,PULIKE,20.37,1.55%,7,572.65,654,887.35
603567,-,12.00,-0.41%,1,595.91,1,018,992.00
603568,WEIMING,29.74,1.33%,4,290.04,2,874,618.86
603569,Changjiu Logistics,9.03,-0.44%,777.36,505,927.91
603577,HJT STEEL TOWER,13.38,3.88%,53,768.27,385,702.90
603578,Zhejiang Three Stars New Materials,20.76,0.68%,1,007.86,185,953.68
603579,Rongtai Health,32.53,0.87%,4,496.66,455,420.00
603580,AA BELTING,11.70,2.90%,475.61,152,887.64
603583,-,49.79,5.06%,9,103.20,883,781.21
603585,Suli,17.87,1.30%,686.04,321,660.00
603586,SGP,15.64,2.69%,1,082.18,318,647.33
603587,DAZZLE FASHION,21.43,3.48%,3,033.04,859,343.00
603588,BGE,12.27,1.24%,6,407.54,834,860.97
603589,Kouzijiao,41.03,-1.56%,14,076.52,2,461,800.00
603590,Konruns,32.82,0.67%,4,384.82,525,120.00
603595,tony tech,29.04,3.05%,3,972.86,621,777.33
603596,BTL,27.95,2.98%,15,627.67,1,141,928.00
603598,Inly Media,11.85,3.67%,8,240.25,320,688.26
603599,-,16.35,0.12%,6,123.96,759,750.39
603600,UE,11.77,-1.09%,3,497.32,356,093.82
603601,Zaisheng Technology,12.29,-4.58%,32,952.24,877,183.99
603602,FREELYNET,23.31,2.06%,6,566.52,365,500.80
603603,-,5.81,6.22%,2,693.79,242,732.54
603605,PROYA,129.99,-0.34%,8,754.14,2,616,303.01
603606,NINGBO ORIENT WIRES &amp; CABLES,13.76,3.77%,8,769.70,900,047.82
603607,-,20.26,-0.44%,2,367.77,258,339.31
603608,TOPSCORE FASHION,8.83,0.91%,2,708.80,379,748.16
603609,Wellhope,15.06,-1.12%,17,076.14,1,388,990.42
603610,Keeson,38.87,9.99%,12,117.70,584,343.01
603611,NOBLELIFT,19.39,5.04%,7,272.55,518,752.02
603612,Sunstone Development,10.68,4.50%,2,543.15,359,901.97
603613,-,103.80,4.44%,12,311.82,1,461,659.70
603615,Chahua,8.48,1.68%,520.25,207,471.68
603616,HJHS,6.92,0.44%,1,301.89,203,005.12
603617,JUNHE,14.71,2.01%,1,085.79,209,624.27
603618,-,6.21,0.65%,7,027.08,429,129.72
603619,ZPEC,12.77,2.82%,4,236.75,510,800.13
603626,kersen,10.97,2.72%,3,084.65,518,796.81
603628,-,7.40,1.37%,356.54,202,612.00
603629,lettall,22.60,-1.44%,3,564.44,226,000.00
603630,Lafang,12.58,1.78%,1,746.50,285,213.76
603633,LAIMU Electronics,10.91,2.15%,1,938.34,221,900.13
603636,Linewell,12.18,2.53%,10,492.55,719,586.58
603637,ZPEC,13.23,0.99%,367.41,230,371.35
603638,EDDIE,40.89,-1.30%,3,266.73,1,688,643.12
603639,Hailir,28.57,-0.83%,6,853.99,484,658.22
603648,SLC,8.53,0.71%,1,737.90,314,472.70
603650,-,14.82,2.56%,1,785.69,868,433.47
603655,Langbo  Technology,28.25,1.62%,2,529.70,299,450.00
603656,-,12.82,2.15%,754.75,190,866.21
603657,-,24.28,1.46%,1,526.18,233,088.00
603658,-,133.70,-5.26%,16,653.38,5,757,160.76
603659,PTL,77.70,8.37%,30,245.84,3,381,650.24
603660,-,9.48,3.27%,4,177.67,477,514.06
603661,Henglin,32.27,1.86%,1,549.27,322,700.00
603662,-,40.68,2.29%,2,847.06,485,721.05
603663,-,13.38,0.68%,2,658.03,254,208.90
603665,KLD,24.55,0.78%,2,117.54,245,500.00
603666,YIJIAHE,105.66,1.80%,4,615.82,1,046,326.36
603667,XCC,7.60,1.33%,689.62,222,166.76
603668,TIANMA TECH,11.64,-4.35%,12,467.74,396,500.31
603669,Lionco,10.92,0.37%,1,448.12,556,483.20
603676,Tibet Weixinkang Medicine,10.12,1.30%,1,835.52,428,076.00
603677,Qijing Machinery,10.00,1.32%,380.16,192,128.40
603678,TORCH ELECTRON ,25.31,4.07%,16,711.40,1,145,697.52
603679, HUATI TECHNOLOGY,44.87,1.82%,2,907.66,457,972.39
603680,KTK GROUP,9.12,1.56%,532.79,721,365.28
603681,YONGGUAN,17.09,1.42%,1,109.00,284,705.05
603682,GOLDENUNION,10.13,-1.84%,16,121.95,478,642.50
603683,-,12.53,0.00%,1,763.06,158,717.51
603685,-,12.85,-0.85%,1,745.49,217,165.00
603686,FULONGMA,17.87,-1.38%,18,496.46,742,776.80
603687,Great Shengda ,12.30,1.23%,1,144.94,505,321.80
603688,PACIFIC QUARTZ,23.42,10.00%,17,259.27,789,948.64
603689,ANG,10.06,2.13%,1,048.78,338,016.00
603690,PNC,38.17,6.50%,41,425.34,984,085.80
603693,Jiangsu New Energy,11.20,10.02%,49,529.94,692,160.00
603696,ANJI FOOD,9.10,-0.66%,5,229.65,214,032.00
603697,YouYou Foods,13.04,-1.66%,5,254.71,397,126.68
603698,CECO,10.75,1.03%,857.11,576,189.25
603699,NEWAY,12.36,5.19%,1,887.19,927,000.00
603700,NWM,36.19,0.39%,4,105.76,565,794.46
603701,-,10.91,1.39%,2,515.05,222,520.06
603703,-,19.17,-0.73%,3,285.34,440,334.90
603706,-,16.07,9.99%,2,706.17,257,120.00
603707,NKF,58.44,2.15%,11,046.44,4,198,763.74
603708,Jiajiayue,35.06,0.52%,8,515.15,2,133,050.40
603709,ZOY,35.55,-10.00%,769.30,284,400.00
603711,-,25.85,2.58%,3,359.75,1,080,972.29
603712,712 Corp.,26.29,2.58%,9,350.53,2,029,588.00
603713,MILKYWAY,64.63,-3.05%,9,359.05,1,000,065.13
603716,thalys,15.19,-1.62%,3,361.82,311,613.29
603717,TianYu Ecology,7.50,0.67%,739.50,181,347.18
603718,HILE,17.29,-5.00%,13,198.72,1,113,476.00
603719,-,66.89,-1.23%,36,465.78,2,682,289.00
603721,-,20.14,3.23%,3,866.98,261,820.00
603722,Acryl,26.09,3.16%,1,719.95,228,783.21
603725,Tianan New Material ,6.73,-0.88%,3,263.19,138,201.90
603726,Langdi Group,12.06,2.55%,3,180.18,223,895.35
603727,BOMESC,15.66,4.96%,2,048.94,366,671.07
603728,MOONS',11.43,2.05%,1,450.36,475,488.00
603729,OBM,13.90,2.96%,1,144.29,129,739.82
603730,Daimay,28.60,5.54%,6,727.41,1,145,700.33
603733,Xianhe,14.99,1.77%,1,966.68,917,388.00
603737,SKSHU,109.00,0.93%,6,587.02,2,029,863.09
603738,TKD,23.14,4.61%,11,043.77,390,937.35
603739,Vland Biotech,21.84,0.18%,3,409.03,337,792.73
603755,RICHEN,53.58,-1.51%,5,020.66,528,372.10
603757,DAYUAN PUMP,14.54,1.25%,730.82,238,816.59
603758,QA,5.80,1.75%,639.02,254,502.29
603766,LONCIN,3.60,7.14%,5,579.58,739,275.07
603767,-,6.96,0.72%,683.30,213,044.21
603768,-,10.05,0.60%,1,753.68,205,020.00
603773,WG Tech,29.86,2.75%,1,312.13,282,462.33
603776,Youon,17.46,2.11%,2,485.01,327,514.68
603777,LYFEN,13.52,0.90%,5,855.00,458,419.62
603778,无,3.38,1.81%,470.62,169,000.00
603779,WLGF,5.35,-0.37%,83.18,178,020.80
603786,KEBODA,56.09,5.37%,4,893.59,2,244,160.90
603787,XINRI E-VEHICLE ,10.77,2.09%,1,752.15,219,708.00
603788,-,15.27,2.83%,1,094.28,340,620.36
603789,TAM,13.02,0.46%,2,107.35,338,520.00
603790,ARGUS,11.96,1.44%,1,063.89,228,866.56
603797,-,10.86,1.50%,2,760.31,347,141.55
603798,COPTON,9.59,0.95%,578.13,191,800.00
603799,HUAYOU COBALT,34.28,4.16%,86,975.81,3,912,244.51
603800,DSGF,10.96,2.14%,1,129.21,227,968.00
603801,ZBOM,23.11,3.12%,4,802.82,516,123.39
603803,RAISECOM,11.37,4.31%,3,120.94,478,740.17
603806,First,47.64,0.08%,10,097.68,2,489,666.40
603808,Ellassay,11.19,5.47%,6,410.75,372,092.24
603809,HAONENG,11.60,2.02%,1,705.42,242,524.91
603810,Fengshan Group,33.99,-0.70%,5,766.88,282,133.99
603811,chengyipharma,26.72,0.23%,3,762.95,318,716.16
603813,GENSHO,16.35,2.12%,508.03,146,662.77
603815,ANHUI GOURGEN,20.47,2.71%,6,747.57,1,021,453.00
603816,-,40.50,1.84%,3,693.06,2,436,595.33
603817,-,5.96,2.76%,788.55,268,202.69
603818,QM Home,7.11,1.28%,676.01,347,449.35
603819,Shenli,11.53,0.96%,895.96,194,067.03
603822,-,23.76,0.55%,386.38,174,295.07
603823,LILY GROUP,28.58,-0.28%,5,443.91,643,050.00
603825,Hylink,24.59,7.05%,10,324.31,568,082.60
603826,KUNCAI TECHNOLOGY,25.99,-0.19%,3,506.81,1,216,332.00
603828,Kelida,4.12,2.23%,550.51,225,603.18
603829,-,9.97,1.12%,533.05,159,520.00
603833,OPPEIN,105.18,-0.31%,8,111.36,4,419,362.83
603838,SITONG,7.51,0.13%,306.68,200,276.68
603839,Anzheng Fashion,12.07,0.67%,2,105.26,484,782.57
603843,-,4.05,1.50%,1,018.32,226,801.70
603848,Hotata,12.09,1.51%,525.86,484,809.00
603855,-,9.31,0.32%,1,019.77,313,923.89
603856,-,11.43,1.06%,3,174.69,293,081.89
603858,BUCHANG PHARMA,21.89,1.96%,19,800.79,2,498,919.96
603859,NANCAL,34.11,6.23%,9,881.73,474,648.48
603860,-,25.29,-0.04%,855.17,168,633.72
603861,BYE,8.58,-3.38%,3,787.06,387,756.50
603863,SongYang,13.02,0.00%,2,374.85,268,073.99
603866,-,48.28,-4.77%,22,770.98,3,181,056.48
603867,XHGF,25.41,-0.59%,5,116.25,355,740.00
603868,flyco,34.95,1.57%,1,758.99,1,522,422.00
603869, ENC,9.97,2.57%,1,526.32,502,987.01
603871,JIA YOU INTERNATIONAL ,27.69,1.69%,983.95,434,179.20
603876,-,13.43,4.35%,4,844.97,582,361.93
603877,-,14.29,1.56%,445.92,684,318.31
603878,Wujin Stainless,11.17,1.27%,1,665.08,319,748.31
603879,YONGYUE ,18.18,-1.30%,6,895.72,364,349.02
603880,-,13.54,1.73%,1,708.48,228,826.00
603881,Athub,59.66,4.67%,31,273.91,1,256,359.11
603882,Kingmed Diagnostics,67.16,-7.73%,40,240.27,3,075,152.82
603883,LBX Drugs,76.12,-3.58%,24,104.51,2,181,573.50
603885,JUNEYAOAIR,9.84,5.92%,33,156.80,1,934,685.85
603886,GANSO,16.22,0.25%,2,102.27,389,280.00
603887,SHCD,30.63,4.72%,8,140.78,821,836.05
603888,XHW,25.57,4.07%,32,707.76,1,327,158.07
603889,-,4.94,1.02%,687.84,252,802.72
603890,Chunqiu ET,17.33,-1.48%,14,611.01,474,816.01
603893,-,65.74,6.65%,37,714.60,2,710,328.72
603895,-,19.80,-4.35%,7,928.55,213,998.40
603896,Shouxiangu,26.02,3.25%,2,246.65,373,447.85
603897,GRANDWALL,17.38,2.12%,2,990.81,310,064.24
603898,Holike,13.63,0.59%,971.08,421,989.58
603899,M&amp;G,51.59,-0.77%,15,171.83,4,746,280.00
603900,Leysen 1855,7.00,1.30%,508.71,238,331.69
603901,Youngsun Intelligent ,7.49,1.90%,1,582.60,329,102.38
603903,CSD Water Service ,15.21,8.41%,10,845.63,219,833.29
603906,LOPAL,8.79,0.80%,1,422.24,265,981.74
603908,-,22.36,1.08%,552.25,149,118.84
603909,HOLSIN,14.96,0.47%,555.44,214,403.73
603912,Canatal,17.95,5.16%,7,094.23,389,427.76
603915,GUOMAO,13.20,0.92%,1,631.04,611,592.17
603916,-,25.33,-4.49%,9,629.79,786,775.13
603917,Heli Technology,9.66,6.04%,1,659.47,151,468.80
603918,shgbit,11.39,2.80%,2,549.90,265,746.86
603919,JINHUI,14.12,-2.82%,6,881.74,550,962.40
603920,OLYMPIC,24.71,10.02%,37,939.14,1,012,297.54
603922,JHS,19.26,1.32%,2,733.54,246,528.00
603926,-,10.56,1.83%,781.45,169,344.49
603927,Sinosoft,59.41,3.32%,8,265.81,2,518,984.00
603928,Xingye,10.33,1.57%,1,156.25,208,252.80
603929,L&amp;K,13.28,4.16%,1,977.21,283,342.08
603933,RAYNEN,12.45,2.72%,1,416.41,250,535.33
603936,BOMIN ELECTRONICS,18.26,4.05%,9,017.00,575,259.90
603937,LDXC,11.78,0.68%,1,881.11,246,060.64
603938,-,23.02,3.14%,2,443.48,345,683.51
603939,-,92.90,-4.04%,23,613.70,3,520,190.08
603948,-,21.29,1.19%,2,652.60,340,640.00
603949,-,19.00,3.04%,5,231.03,284,736.85
603955,-,16.02,2.04%,728.45,181,186.20
603956,WPG,14.76,2.00%,1,122.25,628,717.11
603958,HARSON,6.45,0.78%,511.55,140,197.20
603959,无,6.82,1.49%,1,200.30,299,425.28
603960,Kelai Mechatronics,30.53,4.84%,4,176.11,536,595.28
603963,Dali Pharmaceutical,10.63,1.24%,489.13,179,647.00
603966,Eurocrane,9.61,1.37%,981.39,202,751.40
603967,CMLOG,14.18,2.01%,1,491.96,378,133.38
603968,-,14.30,0.42%,1,727.27,292,406.40
603969,-,3.74,1.08%,1,157.24,314,534.00
603970,SAL,15.79,0.45%,8,917.82,303,168.15
603976,-,16.78,1.45%,4,624.81,253,713.60
603977,Guotai Group,9.51,0.42%,2,109.13,374,681.49
603978,sunxing,19.20,1.69%,1,136.92,307,200.00
603979,JCHX,9.22,0.00%,2,859.81,537,902.57
603980,jihuagroup,6.88,1.03%,1,037.99,481,600.00
603982,CHERVON-AUTO,15.16,3.20%,4,368.95,303,200.00
603983,Marubi,72.10,-0.39%,7,966.03,2,891,210.00
603985,-,17.41,2.05%,1,775.40,253,489.60
603986,GigaDevice,277.82,10.00%,306,534.88,8,918,959.95
603987,KDL,12.73,-2.38%,11,918.27,562,168.26
603988,sec,9.92,3.77%,3,897.64,233,318.40
603989,AIHUA GROUP ,27.23,0.59%,6,500.01,1,061,984.13
603990,MEDITECH,49.84,3.00%,1,835.95,560,474.60
603991,Original,23.18,4.74%,1,778.04,172,772.13
603992,松霖科技,14.92,0.81%,1,627.64,598,306.71
603993,CMOC,3.48,3.88%,22,081.99,7,516,535.72
603995,YONGJIN INC.,21.41,1.66%,2,129.88,493,864.47
603996,CHUNGHSIN TECHNOLOGY,0.00,0.00%,0.00,0.00
603997,-,7.57,1.75%,4,931.69,774,867.41
603998, Fangsheng Pharmaceutical Co., Ltd.,6.49,1.09%,626.51,281,565.22
603999,DZCM,5.59,2.38%,1,437.57,321,984.00
